ipc_date,analysis_period,county,max_ipc_phase,phase_3_plus_population,total_population,phase_3_plus_percentage,rainfall_date,mean_rainfall_mm,rainfall_3_month_total,rainfall_6_month_total,rainfall_3_month_avg,rainfall_6_month_avg,date,mean_ndvi,ndvi_1_month_mean,ndvi_3_month_mean,ndvi_6_month_mean,ndvi_anomaly
2019-07-01,Jul 2019,Baringo,4,105555,703697,0.15,2019-06-01,72.692665,143.44145393371582,172.7237787246704,47.81381797790527,28.787296454111736,2019-06-01,0.6454976757401899,0.6454976757401899,0.4696211464481885,0.4247998775337273,0.0787392941712179
2019-07-01,Jul 2019,Embu,3,32883,219220,0.15,2019-06-01,8.068131,123.94696521759032,156.38812446594238,41.31565507253011,26.0646874109904,2019-06-01,0.7100590976667112,0.7100590976667112,0.7159389398409904,0.708263198545569,-0.02682276226072
2019-07-01,Jul 2019,Garissa,4,151183,431950,0.35,2019-06-01,5.417682,55.18519735336304,66.81233882904053,18.395065784454346,11.135389804840088,2019-06-01,0.2112459665301522,0.2112459665301522,0.2478412718989111,0.247458166291357,-0.0478635170787991
2019-07-01,Jul 2019,Isiolo,4,54413,155465,0.35,2019-06-01,0.93622947,26.591657876968384,40.062429428100586,8.863885958989462,6.677071571350098,2019-06-01,0.2070897444040229,0.2070897444040229,0.2233390810679429,0.2207670786300914,-0.0420751071479839
2019-07-01,Jul 2019,Kajiado,3,43536,870721,0.05,2019-06-01,6.3915815,62.7168607711792,88.34471988677979,20.90562025705973,14.724119981129965,2019-06-01,0.3794886351001945,0.3794886351001945,0.389526050192345,0.3664310219809892,-0.0302299509546998
2019-07-01,Jul 2019,Kilifi,3,209996,1399975,0.15,2019-06-01,33.56091,202.08238220214844,227.63148260116577,67.36079406738281,37.938580433527626,2019-06-01,0.5747521795405287,0.5747521795405287,0.5133043477392712,0.471153406337327,0.0770924247918375
2019-07-01,Jul 2019,Kitui,3,219537,1097687,0.2,2019-06-01,2.934999,65.22308397293091,89.1921181678772,21.74102799097697,14.865353027979532,2019-06-01,0.3275589317682151,0.3275589317682151,0.342338074418998,0.35622221787402,-0.0599840731320944
2019-07-01,Jul 2019,Kwale,3,123030,820199,0.15,2019-06-01,27.190882,221.5327739715576,249.5573830604553,73.84425799051921,41.59289717674256,2019-06-01,0.4458871628140967,0.4458871628140967,0.4949444513591345,0.4812646398273577,-0.0423451817131492
2019-07-01,Jul 2019,Laikipia,3,50571,505712,0.1,2019-06-01,53.306343,131.48522186279297,167.24987316131592,43.828407287597656,27.87497886021932,2019-06-01,0.5682064838392205,0.5682064838392205,0.42424956210413,0.3832323052017585,0.0629205739859157
2019-07-01,Jul 2019,Lamu,3,25629,128144,0.2,2019-06-01,26.783705,174.98627090454102,188.54597783088684,58.328756968180336,31.42432963848114,2019-06-01,0.7401429696348764,0.7401429696348764,0.6687885706772869,0.6068834038270546,0.0015143226846769
2019-07-01,Jul 2019,Makueni,3,191804,959022,0.2,2019-06-01,2.44064,44.70023775100708,58.1629695892334,14.900079250335692,9.693828264872232,2019-06-01,0.4219743569045712,0.4219743569045712,0.4188504329246541,0.4487165000318244,-0.0381980945764977
2019-07-01,Jul 2019,Mandera,4,248891,711117,0.35,2019-06-01,0.9861694,58.02477031946182,66.79213154315948,19.34159010648728,11.132021923859917,2019-06-01,0.2211449968201739,0.2211449968201739,0.2710532954649562,0.2675926929679225,-0.0870826263060022
2019-07-01,Jul 2019,Marsabit,4,110578,315936,0.35,2019-06-01,3.5487874,58.880969285964966,81.23758554458618,19.626989761988323,13.539597590764364,2019-06-01,0.1784048968192423,0.1784048968192423,0.1853337829178755,0.1815353117761251,-0.0350012093543563
2019-07-01,Jul 2019,Meru,3,155196,775982,0.2,2019-06-01,11.755141,121.0159101486206,166.22421741485596,40.33863671620687,27.70403623580933,2019-06-01,0.4646797008074038,0.4646797008074038,0.5042800027470701,0.5092961154448924,-0.0666153675735179
2019-07-01,Jul 2019,Narok,2,0,1077719,0.0,2019-06-01,55.062008,171.36543655395508,225.57084274291992,57.121812184651695,37.59514045715332,2019-06-01,0.612662845778438,0.612662845778438,0.5394344343946557,0.5234354732549813,0.0048965954515934
2019-07-01,Jul 2019,Nyeri,3,8791,175812,0.05,2019-06-01,51.85834,234.15468215942383,295.9111852645874,78.05156071980794,49.31853087743124,2019-06-01,0.688366781984847,0.688366781984847,0.6772861350273479,0.6653951716628295,-0.0055764491782597
2019-07-01,Jul 2019,Samburu,3,70945,283780,0.25,2019-06-01,16.293228,75.21494579315186,101.10285663604736,25.071648597717285,16.850476106007893,2019-06-01,0.3716335543533505,0.3716335543533505,0.3460903091325619,0.3225395753633377,0.0032005058904922
2019-07-01,Jul 2019,Taita Taveta,3,35817,358173,0.1,2019-06-01,10.589455,105.80095291137695,141.02912712097168,35.26698430379232,23.504854520161945,2019-06-01,0.3593348785241958,0.3593348785241958,0.3691601154322681,0.3572031374755291,0.0023865799975782
2019-07-01,Jul 2019,Tana River,4,90914,303047,0.3,2019-06-01,7.7620854,40.5132269859314,56.832576513290405,13.504408995310463,9.4720960855484,2019-06-01,0.2355997538841444,0.2355997538841444,0.2537435563688224,0.2599950756254534,-0.0446107717832585
2019-07-01,Jul 2019,Tharaka Nithi,3,79223,396115,0.2,2019-06-01,5.6455364,103.107271194458,131.47455215454102,34.36909039815267,21.912425359090168,2019-06-01,0.3718218961270487,0.3718218961270487,0.4195648187670185,0.4031672749243065,-0.0801415180347437
2019-07-01,Jul 2019,Turkana,4,379278,1083653,0.35,2019-06-01,20.90213,54.85788583755493,75.43404471874237,18.285961945851643,12.572340786457062,2019-06-01,0.2817235471029254,0.2817235471029254,0.233092833140331,0.2119314843129252,0.0068962429560607
2019-07-01,Jul 2019,Wajir,4,114725,458900,0.25,2019-06-01,1.038808,66.66820824146271,80.15808165073395,22.222736080487568,13.359680275122324,2019-06-01,0.215382909364348,0.215382909364348,0.2348280734980886,0.2336285235148307,-0.0476803678921174
2019-07-01,Jul 2019,West Pokot,3,64942,649418,0.1,2019-06-01,58.4104,126.0765151977539,157.7164740562439,42.02550506591797,26.28607900937398,2019-06-01,0.5890028240342242,0.5890028240342242,0.498774491239872,0.4375522623781308,0.0252660149870127
2020-02-01,Feb 2020,Baringo,3,33339,666783,0.05,2020-01-01,20.164928,130.41234588623047,296.07316970825195,43.47078196207682,49.34552828470866,2020-01-01,0.5633973400045097,0.5633973400045097,0.6055779154510484,0.5850731454250568,0.108866813895688
2020-02-01,Feb 2020,Embu,2,0,272357,0.0,2020-01-01,33.925316,292.22276306152344,456.5557904243469,97.40758768717448,76.09263173739116,2020-01-01,0.7904041953849305,0.7904041953849305,0.792729948905961,0.7327445283198797,0.0216067662053081
2020-02-01,Feb 2020,Garissa,3,84135,841353,0.1,2020-01-01,17.585268,184.00778007507324,256.41132640838623,61.33592669169108,42.73522106806437,2020-01-01,0.4084119199482812,0.4084119199482812,0.4715100949541088,0.3391183923803182,0.0665357793844997
2020-02-01,Feb 2020,Isiolo,4,40200,268002,0.15,2020-01-01,12.530038,107.44653797149658,152.40960657596588,35.81551265716553,25.401601095994312,2020-01-01,0.414608392586593,0.414608392586593,0.4571696370686351,0.3283770876260295,0.1253839047679769
2020-02-01,Feb 2020,Kajiado,3,55892,1117840,0.05,2020-01-01,50.87979,235.79935455322263,284.0801448822021,78.59978485107422,47.34669081370036,2020-01-01,0.6264514709398151,0.6264514709398151,0.5655551825042683,0.4223408716533639,0.155420412746118
2020-02-01,Feb 2020,Kilifi,4,218068,1453787,0.15,2020-01-01,26.058813,218.4610195159912,436.5419788360596,72.82033983866374,72.75699647267659,2020-01-01,0.7177454004782113,0.7177454004782113,0.7298434250655902,0.6907265005963928,0.2095917775497208
2020-02-01,Feb 2020,Kitui,3,56809,1136187,0.05,2020-01-01,35.35431,357.6648254394531,467.8215847015381,119.2216084798177,77.97026411692302,2020-01-01,0.6991458981903098,0.6991458981903098,0.6327131055815386,0.4700036752131956,0.1426160935053412
2020-02-01,Feb 2020,Kwale,4,130023,866820,0.15,2020-01-01,40.58203,203.4041519165039,477.6908683776856,67.80138397216797,79.61514472961426,2020-01-01,0.7360121469184221,0.7360121469184221,0.735012930231325,0.6259517032676502,0.1786945713177764
2020-02-01,Feb 2020,Laikipia,3,25928,518560,0.05,2020-01-01,29.32322,196.2429275512696,339.8364315032959,65.41430918375652,56.63940525054932,2020-01-01,0.5765369475872805,0.5765369475872805,0.598212599104076,0.5401460774001998,0.1288709988190373
2020-02-01,Feb 2020,Lamu,3,14392,143920,0.1,2020-01-01,16.551762,130.1256446838379,220.4194917678833,43.37521489461263,36.73658196131388,2020-01-01,0.7378029233618514,0.7378029233618514,0.754800613862015,0.7171383387530574,0.1046450526382656
2020-02-01,Feb 2020,Makueni,3,49383,987653,0.05,2020-01-01,36.09556,214.71092987060547,269.7578535079956,71.57030995686848,44.9596422513326,2020-01-01,0.6949411963543874,0.6949411963543874,0.6534565894202685,0.5047340144904736,0.0669266672256874
2020-02-01,Feb 2020,Mandera,4,130119,867457,0.15,2020-01-01,0.91201055,89.69940793514252,170.94097125530243,29.899802645047505,28.49016187588374,2020-01-01,0.4536184240919677,0.4536184240919677,0.5476347837685368,0.4219121691218923,0.136088237679582
2020-02-01,Feb 2020,Marsabit,4,68968,459785,0.15,2020-01-01,11.450822,103.74278354644775,174.06396162509918,34.58092784881592,29.010660270849865,2020-01-01,0.3310039828676669,0.3310039828676669,0.3544570106832945,0.2626474711026698,0.1065573171062165
2020-02-01,Feb 2020,Meru,3,38244,764885,0.05,2020-01-01,45.020275,362.0334129333496,559.8664441108704,120.67780431111652,93.3110740184784,2020-01-01,0.6953423186908546,0.6953423186908546,0.7127204854448473,0.5726838587776465,0.0664323924512239
2020-02-01,Feb 2020,Narok,2,0,1157873,0.0,2020-01-01,80.73269,295.6783752441406,420.1032104492188,98.55945841471356,70.01720174153645,2020-01-01,0.6934639499586689,0.6934639499586689,0.6344603612004993,0.5450637661845945,0.0999694757752719
2020-02-01,Feb 2020,Nyeri,2,0,198901,0.0,2020-01-01,55.162937,309.75949478149414,553.6972675323486,103.25316492716472,92.2828779220581,2020-01-01,0.7675619345548791,0.7675619345548791,0.7652234161086561,0.69845038295144,0.0322663985012611
2020-02-01,Feb 2020,Samburu,4,46549,310327,0.15,2020-01-01,15.946117,142.45990753173828,217.7327780723572,47.48663584391276,36.28879634539286,2020-01-01,0.5128954026207458,0.5128954026207458,0.5161923284648324,0.4120639436242281,0.1395622878092769
2020-02-01,Feb 2020,Taita Taveta,3,17034,340671,0.05,2020-01-01,61.320457,288.3701705932617,421.741813659668,96.1233901977539,70.29030227661133,2020-01-01,0.6355841540263223,0.6355841540263223,0.6441354956529821,0.4969696898423487,0.1177274684972365
2020-02-01,Feb 2020,Tana River,3,47391,315943,0.15,2020-01-01,23.50224,202.43957901000977,280.4251685142517,67.47985967000325,46.73752808570862,2020-01-01,0.486678996313226,0.486678996313226,0.5066376719328575,0.3773297335653454,0.1229476347098423
2020-02-01,Feb 2020,Tharaka Nithi,3,6680,133595,0.05,2020-01-01,33.328873,279.6650161743164,440.04485607147217,93.22167205810548,73.34080934524536,2020-01-01,0.6499367314254275,0.6499367314254275,0.6567672576625129,0.4861760658867091,0.1104673900497295
2020-02-01,Feb 2020,Turkana,4,139047,926976,0.15,2020-01-01,5.7834115,53.6586709022522,92.38968229293825,17.886223634084065,15.398280382156372,2020-01-01,0.2871458975620553,0.2871458975620553,0.3199278742006955,0.2796413211842999,0.0588066098062323
2020-02-01,Feb 2020,Wajir,4,117189,781260,0.15,2020-01-01,6.853437,177.0904097557068,274.23993360996246,59.0301365852356,45.70665560166041,2020-01-01,0.4317550660646958,0.4317550660646958,0.5380432973388797,0.3849920429994855,0.1360831616588137
2020-02-01,Feb 2020,West Pokot,2,0,621241,0.0,2020-01-01,11.866655,84.0045223236084,250.80475997924805,28.0015074412028,41.80079332987467,2020-01-01,0.5730148131534539,0.5730148131534539,0.6082550947567983,0.5938446722787505,0.1279473306141745
2020-08-01,Aug 2020,Baringo,3,33339,666783,0.05,2020-07-01,100.25511,240.15023040771484,433.3938322067261,80.05007680257161,72.23230536778767,2020-07-01,0.6657452521143867,0.6657452521143867,0.6615768683891218,0.6100977089865464,0.0891085000835878
2020-08-01,Aug 2020,Embu,2,0,272357,0.0,2020-07-01,8.877775,73.74873447418213,341.4679651260376,24.582911491394043,56.91132752100626,2020-07-01,0.6801686366586343,0.6801686366586343,0.7514733119364966,0.761915168312535,-0.0053855767823502
2020-08-01,Aug 2020,Garissa,3,84135,841353,0.1,2020-07-01,23.750137,50.93686199188232,146.16579461097717,16.97895399729411,24.3609657684962,2020-07-01,0.2317446928006773,0.2317446928006773,0.3035156096859484,0.3289202295879727,0.0094603110235605
2020-08-01,Aug 2020,Isiolo,3,26800,268002,0.1,2020-07-01,0.7762971,5.2785322070121765,103.01693600416183,1.7595107356707256,17.169489334026974,2020-07-01,0.2421734353924964,0.2421734353924964,0.2930706821989997,0.3217173185349862,0.0211291948242942
2020-08-01,Aug 2020,Kajiado,2,0,1117840,0.0,2020-07-01,1.2856907,20.591490149497982,215.3569148778916,6.863830049832662,35.892819146315254,2020-07-01,0.3840049499664221,0.3840049499664221,0.4798511712250106,0.544094885812621,0.0631673643208642
2020-08-01,Aug 2020,Kilifi,3,72689,1453787,0.05,2020-07-01,50.907055,171.1066932678223,374.0424818992615,57.03556442260742,62.34041364987692,2020-07-01,0.6669657495912983,0.6669657495912983,0.6599905380883406,0.6316669000680942,0.1202929154383352
2020-08-01,Aug 2020,Kitui,2,0,1136187,0.0,2020-07-01,9.123494,23.67089295387268,227.99403023719788,7.890297651290893,37.99900503953298,2020-07-01,0.3963033227915045,0.3963033227915045,0.476178552356933,0.5934800222174271,0.0592962000526958
2020-08-01,Aug 2020,Kwale,3,43341,866820,0.05,2020-07-01,40.178917,159.8009910583496,438.9033117294312,53.26699701944987,73.1505519549052,2020-07-01,0.6009950737068342,0.6009950737068342,0.6150824471248036,0.6381822252925623,0.1120716125418235
2020-08-01,Aug 2020,Laikipia,2,0,518560,0.0,2020-07-01,37.527737,148.68258666992188,373.6090145111084,49.56086222330729,62.26816908518473,2020-07-01,0.5957044914924062,0.5957044914924062,0.6219604134094651,0.570716732862785,0.109642971630093
2020-08-01,Aug 2020,Lamu,3,7196,143920,0.05,2020-07-01,39.84865,169.65276718139648,293.56356060504913,56.55092239379883,48.92726010084152,2020-07-01,0.7333505441228919,0.7333505441228919,0.7625504363155952,0.7245702416908973,0.0152694993305106
2020-08-01,Aug 2020,Makueni,2,0,987653,0.0,2020-07-01,3.4799373,13.00717544555664,144.10975646972656,4.33572514851888,24.018292744954422,2020-07-01,0.4284939452374487,0.4284939452374487,0.5091015915215559,0.60525482692687,0.0358512985569107
2020-08-01,Aug 2020,Mandera,4,130119,867457,0.15,2020-07-01,4.651261,15.556829929351808,128.4381561279297,5.1856099764506025,21.40635935465495,2020-07-01,0.3075953988915338,0.3075953988915338,0.3679980723662274,0.3637899812604856,0.0435121303780186
2020-08-01,Aug 2020,Marsabit,3,68968,459785,0.15,2020-07-01,5.742441,22.72237515449524,165.13475918769836,7.574125051498413,27.5224598646164,2020-07-01,0.2067126384493996,0.2067126384493996,0.2611047708995549,0.2754411355874799,0.0181372822623454
2020-08-01,Aug 2020,Meru,2,0,1026975,0.0,2020-07-01,9.212425,65.840256690979,384.4527540206909,21.946752230326336,64.07545900344849,2020-07-01,0.5102651540223362,0.5102651540223362,0.6023814697852021,0.6359254493156917,0.0559772009540665
2020-08-01,Aug 2020,Narok,2,0,1157873,0.0,2020-07-01,16.751587,101.84828186035156,395.0655288696289,33.94942728678385,65.84425481160481,2020-07-01,0.5816347042302693,0.5816347042302693,0.6446386493896605,0.6693783788357742,0.0498982675880214
2020-08-01,Aug 2020,Nyeri,2,0,198901,0.0,2020-07-01,23.236055,193.82080268859863,597.6545543670654,64.60693422953288,99.60909239451092,2020-07-01,0.708988492270371,0.708988492270371,0.7483564307415714,0.7551933570989533,0.0728422456824711
2020-08-01,Aug 2020,Samburu,3,31033,310327,0.1,2020-07-01,10.768847,53.73976993560791,235.7600250244141,17.913256645202637,39.29333750406901,2020-07-01,0.386033860286315,0.386033860286315,0.4486578289585878,0.4475512055296073,0.0551319632509795
2020-08-01,Aug 2020,Taita Taveta,2,0,340671,0.0,2020-07-01,9.755329,33.06370258331299,246.2675828933716,11.021234194437662,41.044597148895264,2020-07-01,0.3761263944362487,0.3761263944362487,0.4377645357374116,0.5607908871451409,0.0652405110520908
2020-08-01,Aug 2020,Tana River,3,31594,315943,0.1,2020-07-01,15.70364,32.84562969207764,123.48386335372923,10.948543230692543,20.580643892288208,2020-07-01,0.3030246716041838,0.3030246716041838,0.3499710708714436,0.3926991342952594,0.0460995954958606
2020-08-01,Aug 2020,Tharaka Nithi,2,0,133076,0.0,2020-07-01,7.1125865,57.71176242828369,325.7168245315552,19.23725414276123,54.286137421925865,2020-07-01,0.3903615346121493,0.3903615346121493,0.4921692161910647,0.5408083594781399,0.0274077431493336
2020-08-01,Aug 2020,Turkana,3,92698,926976,0.1,2020-07-01,15.615658,51.64647483825684,158.68597650527954,17.215491612752277,26.447662750879925,2020-07-01,0.3210062738923402,0.3210062738923402,0.3250228339655656,0.3161426636878331,0.0595544319142373
2020-08-01,Aug 2020,Wajir,3,117189,781260,0.15,2020-07-01,4.33127,13.402165055274963,206.89808905124664,4.467388351758321,34.48301484187444,2020-07-01,0.2580461162318886,0.2580461162318886,0.3092687782423922,0.3113539304155341,0.0278836877677291
2020-08-01,Aug 2020,West Pokot,2,0,621241,0.0,2020-07-01,75.69405,190.2865295410156,373.4214706420898,63.42884318033854,62.23691177368164,2020-07-01,0.6273798615182063,0.6273798615182063,0.6415852497650942,0.6054075028542757,0.067514805395449
2021-02-01,Feb 2021,Baringo,3,66678,666783,0.1,2021-01-01,16.134064,73.50382232666016,256.1585922241211,24.50127410888672,42.69309870402018,2021-01-01,0.4484525784770016,0.4484525784770016,0.5267077469840319,0.5797144455199463,-0.00607794763182
2021-02-01,Feb 2021,Embu,2,0,272357,0.0,2021-01-01,12.597846,119.23083019256592,167.03768634796145,39.74361006418864,27.839614391326904,2021-01-01,0.7778609047819075,0.7778609047819075,0.7810686326993016,0.7415639501789976,0.0090634756022851
2021-02-01,Feb 2021,Garissa,4,126203,841353,0.15,2021-01-01,2.1492,44.30285692214966,64.77336430549622,14.767618974049888,10.795560717582704,2021-01-01,0.3098679555065782,0.3098679555065782,0.3936599926134119,0.3215954006287455,-0.0320081850572032
2021-02-01,Feb 2021,Isiolo,4,40200,268002,0.15,2021-01-01,3.6857092,29.82905220985413,46.165227353572845,9.943017403284708,7.694204558928807,2021-01-01,0.2368506624283264,0.2368506624283264,0.312677967205592,0.2729695733196329,-0.0523738253902897
2021-02-01,Feb 2021,Kajiado,3,55892,1117840,0.05,2021-01-01,18.116121,90.27786254882812,100.92001140117644,30.09262084960937,16.820001900196075,2021-01-01,0.4419635773291543,0.4419635773291543,0.4230571206571745,0.3700039040143199,-0.0290674808645428
2021-02-01,Feb 2021,Kilifi,3,145379,1453787,0.1,2021-01-01,7.2916174,135.79678630828855,194.63126468658447,45.26559543609619,32.43854411443075,2021-01-01,0.4430252702766991,0.4430252702766991,0.5524748730035836,0.5457079854637297,-0.0651283526517914
2021-02-01,Feb 2021,Kitui,3,56809,1136187,0.05,2021-01-01,6.6453595,151.3740429878235,174.29144763946533,50.4580143292745,29.04857460657756,2021-01-01,0.515674432903028,0.515674432903028,0.5956144601926358,0.4652392678085008,-0.0408553717819406
2021-02-01,Feb 2021,Kwale,3,86682,866820,0.1,2021-01-01,20.544456,155.83433151245117,240.1957950592041,51.944777170817055,40.03263250986735,2021-01-01,0.5774833438211938,0.5774833438211938,0.643994555291287,0.5594773847358868,0.0201657682205481
2021-02-01,Feb 2021,Laikipia,3,25928,518560,0.05,2021-01-01,20.666714,75.1798095703125,202.38197708129883,25.0599365234375,33.730329513549805,2021-01-01,0.4228093954558588,0.4228093954558588,0.4933410548902722,0.511648158147804,-0.0248565533123843
2021-02-01,Feb 2021,Lamu,3,21588,143920,0.15,2021-01-01,2.6676986,44.47699141502381,78.13719439506531,14.825663805007936,13.022865732510883,2021-01-01,0.5522287615928159,0.5522287615928159,0.6072023408419019,0.6218560830366827,-0.0809291091307699
2021-02-01,Feb 2021,Makueni,3,49383,987653,0.05,2021-01-01,5.782452,102.88642930984496,113.66902661323547,34.29547643661499,18.944837768872578,2021-01-01,0.6582049844214845,0.6582049844214845,0.6446621274137047,0.4984964366906311,0.0301904552927844
2021-02-01,Feb 2021,Mandera,4,173492,867457,0.2,2021-01-01,1.0686378,22.54974365234375,45.30333197116852,7.516581217447917,7.550555328528087,2021-01-01,0.2679477437206137,0.2679477437206137,0.3403802203254439,0.322020469193682,-0.0495824426917719
2021-02-01,Feb 2021,Marsabit,4,68968,459785,0.15,2021-01-01,3.3086882,36.707486152648926,72.20207214355469,12.235828717549644,12.033678690592447,2021-01-01,0.1938399288898225,0.1938399288898225,0.2051200569072168,0.1984738834124888,-0.0306067368716279
2021-02-01,Feb 2021,Meru,3,51349,1026975,0.05,2021-01-01,18.40076,140.1551971435547,214.91509628295896,46.71839904785156,35.8191827138265,2021-01-01,0.6051265956330301,0.6051265956330301,0.6498540160138657,0.5704152693610202,-0.0237833306066006
2021-02-01,Feb 2021,Narok,2,0,1157873,0.0,2021-01-01,31.17004,146.83847618103027,250.977767944336,48.94615872701009,41.829627990722656,2021-01-01,0.6124563371477691,0.6124563371477691,0.581822283044222,0.5501990793485222,0.0189618629643721
2021-02-01,Feb 2021,Nyeri,2,0,198901,0.0,2021-01-01,48.87947,164.3302116394043,317.3883743286133,54.776737213134766,52.89806238810221,2021-01-01,0.7259513646235648,0.7259513646235648,0.7389584756482382,0.7054181219842749,-0.0093441714300531
2021-02-01,Feb 2021,Samburu,4,46549,310327,0.15,2021-01-01,7.5118756,48.773043155670166,103.0499415397644,16.257681051890057,17.1749902566274,2021-01-01,0.3396192907768508,0.3396192907768508,0.3973405986446006,0.3890902602061802,-0.033713824034618
2021-02-01,Feb 2021,Taita Taveta,3,17034,340671,0.05,2021-01-01,22.95854,162.54395484924316,197.01413917541504,54.181318283081055,32.835689862569176,2021-01-01,0.5390034906866558,0.5390034906866558,0.5584770171077332,0.4362877176371546,0.02114680515757
2021-02-01,Feb 2021,Tana River,4,47391,315943,0.15,2021-01-01,3.566226,71.85552883148193,92.1875147819519,23.951842943827312,15.364585796991983,2021-01-01,0.3158950835742248,0.3158950835742248,0.4158326435140035,0.3479798420675608,-0.0478362780291587
2021-02-01,Feb 2021,Tharaka Nithi,3,20039,133595,0.15,2021-01-01,10.969319,111.30328845977785,152.36480617523193,37.10109615325928,25.39413436253865,2021-01-01,0.5285560305057598,0.5285560305057598,0.5718407822011827,0.4647883153841026,-0.0109133108699381
2021-02-01,Feb 2021,Turkana,4,185395,926976,0.2,2021-01-01,2.6523874,26.91578459739685,75.37186121940613,8.971928199132284,12.561976869901022,2021-01-01,0.2345375366136563,0.2345375366136563,0.275768569392926,0.2950492730828143,0.0061982488578334
2021-02-01,Feb 2021,Wajir,4,78126,781263,0.1,2021-01-01,1.8664397,41.295098185539246,62.63428115844727,13.765032728513082,10.439046859741213,2021-01-01,0.2613214034985879,0.2613214034985879,0.3466994947059812,0.2896679620667564,-0.0343505009072941
2021-02-01,Feb 2021,West Pokot,3,62124,621241,0.1,2021-01-01,8.815003,53.38715934753418,254.8398723602295,17.795719782511394,42.473312060038246,2021-01-01,0.4586444322610636,0.4586444322610636,0.5350118624069298,0.5876703103638219,0.0135769497217842
2021-07-01,Jul 2021,Baringo,4,133356,666783,0.2,2021-06-01,29.043015,160.89259338378906,203.7890567779541,53.63086446126302,33.964842796325684,2021-06-01,0.4882197378848281,0.4882197378848281,0.509507781233361,0.4606469271845985,-0.0785386436841438
2021-07-01,Jul 2021,Embu,3,27236,272357,0.1,2021-06-01,2.7308848,163.76116585731506,212.00760197639465,54.58705528577169,35.33460032939911,2021-06-01,0.6983787122810886,0.6983787122810886,0.7509124359616338,0.7441829699475861,-0.0385031476463425
2021-07-01,Jul 2021,Garissa,4,168271,841353,0.2,2021-06-01,7.7101912,43.10900259017944,52.91495013237,14.369667530059814,8.819158355394999,2021-06-01,0.2394552037463422,0.2394552037463422,0.2458392157892304,0.2568061768476409,-0.0196542798626091
2021-07-01,Jul 2021,Isiolo,4,107201,268002,0.4,2021-06-01,0.21956387,23.62158051133156,37.11994233727455,7.8738601704438524,6.186657056212425,2021-06-01,0.2034783741870469,0.2034783741870469,0.2283491214609992,0.2241642056762021,-0.0456864773649599
2021-07-01,Jul 2021,Kajiado,3,55892,1117840,0.05,2021-06-01,1.6658367,88.11810719966888,143.6340116262436,29.37270239988963,23.939001937707264,2021-06-01,0.4035496103026278,0.4035496103026278,0.4452589439386488,0.4567450290489133,-0.0061689757522664
2021-07-01,Jul 2021,Kilifi,3,145379,1453787,0.1,2021-06-01,31.775717,118.9830150604248,140.53124570846558,39.6610050201416,23.421874284744263,2021-06-01,0.4218542525837935,0.4218542525837935,0.4333387047175132,0.4213576617905212,-0.0758055021648976
2021-07-01,Jul 2021,Kitui,3,113619,1136187,0.1,2021-06-01,1.5789114,94.87356054782867,122.29657757282256,31.62452018260956,20.38276292880376,2021-06-01,0.3286624997221624,0.3286624997221624,0.4011472746572633,0.4215075293200836,-0.0588805051781471
2021-07-01,Jul 2021,Kwale,3,86682,866820,0.1,2021-06-01,25.873672,152.5838623046875,195.45623016357425,50.86128743489584,32.5760383605957,2021-06-01,0.4065206022528064,0.4065206022528064,0.5033286724311686,0.4996729724286495,-0.0817117422744395
2021-07-01,Jul 2021,Laikipia,3,25928,518560,0.05,2021-06-01,10.902432,115.15457248687744,177.99350452423096,38.384857495625816,29.665584087371823,2021-06-01,0.4090901691651151,0.4090901691651151,0.4283678282214009,0.4103471439245509,-0.0961957406881895
2021-07-01,Jul 2021,Lamu,3,14392,143920,0.1,2021-06-01,40.175186,90.16004180908205,101.2624683380127,30.05334726969401,16.87707805633545,2021-06-01,0.6566773671391576,0.6566773671391576,0.5883459365183369,0.5452472240293401,-0.0819512798110417
2021-07-01,Jul 2021,Makueni,3,98765,987653,0.1,2021-06-01,1.3389118,56.70486903190613,86.08371567726135,18.901623010635376,14.347285946210226,2021-06-01,0.392604380076289,0.392604380076289,0.464210691609279,0.5162204477483553,-0.0675680714047798
2021-07-01,Jul 2021,Mandera,4,173492,867457,0.2,2021-06-01,1.005475,81.27141284942627,89.31093764305115,27.09047094980876,14.885156273841858,2021-06-01,0.2825772909368247,0.2825772909368247,0.382238245139088,0.3197986746941151,-0.0256503321893514
2021-07-01,Jul 2021,Marsabit,4,160925,459785,0.35,2021-06-01,1.5479752,55.87490808963776,77.74545967578888,18.624969363212585,12.95757661263148,2021-06-01,0.1880977189388825,0.1880977189388825,0.1986610490477326,0.1953620124087531,-0.0253083872347161
2021-07-01,Jul 2021,Meru,3,38244,764885,0.05,2021-06-01,2.8676302,159.49935173988342,215.48624730110168,53.16645057996114,35.91437455018362,2021-06-01,0.4845569601127265,0.4845569601127265,0.535300005505808,0.5403044952489098,-0.0467381082681953
2021-07-01,Jul 2021,Narok,3,57894,1157873,0.05,2021-06-01,20.283321,177.38286972045898,288.96369552612305,59.12762324015299,48.16061592102051,2021-06-01,0.5714166008735513,0.5714166008735513,0.6215374001589832,0.6115747571761253,-0.0363496494532932
2021-07-01,Jul 2021,Nyeri,3,9945,198901,0.05,2021-06-01,11.621278,215.14762210845947,337.48378467559814,71.71587403615315,56.24729744593302,2021-06-01,0.6704969677951395,0.6704969677951395,0.692413473611411,0.6979367849834981,-0.0234462633679672
2021-07-01,Jul 2021,Samburu,4,46549,310327,0.15,2021-06-01,5.553769,67.07653141021729,102.24807024002077,22.35884380340576,17.04134504000346,2021-06-01,0.3236433580594633,0.3236433580594633,0.3561317037744793,0.3405625972523463,-0.0447896904033949
2021-07-01,Jul 2021,Taita Taveta,3,17034,340671,0.05,2021-06-01,5.2374244,83.73018980026245,135.54474306106567,27.91006326675415,22.59079051017761,2021-06-01,0.3213495950896934,0.3213495950896934,0.3917481391915444,0.4273221513761567,-0.0355987034369241
2021-07-01,Jul 2021,Tana River,4,63188,315943,0.2,2021-06-01,7.4158454,36.45727014541626,49.32571935653687,12.15242338180542,8.220953226089478,2021-06-01,0.2555333126550702,0.2555333126550702,0.2752117366929317,0.2809465119654075,-0.0246772130123327
2021-07-01,Jul 2021,Tharaka Nithi,3,6680,133595,0.05,2021-06-01,1.8810892,152.63341617584229,189.6113419532776,50.87780539194743,31.601890325546265,2021-06-01,0.4277479005094595,0.4277479005094595,0.5424665027544269,0.4816342968666497,-0.0242155136523329
2021-07-01,Jul 2021,Turkana,4,370791,926976,0.4,2021-06-01,4.8360434,49.72732448577881,70.94782757759094,16.575774828592937,11.82463792959849,2021-06-01,0.2640513950640872,0.2640513950640872,0.2703746530206266,0.2424362376558686,-0.0107759090827774
2021-07-01,Jul 2021,Wajir,4,195316,781263,0.25,2021-06-01,1.1723642,66.75360774993896,77.30493795871735,22.25120258331299,12.88415632645289,2021-06-01,0.2321505467371919,0.2321505467371919,0.287266636723294,0.2635245625372149,-0.0309127305192735
2021-07-01,Jul 2021,West Pokot,3,31062,621241,0.05,2021-06-01,23.453403,146.0136947631836,178.2998914718628,48.67123158772787,29.7166485786438,2021-06-01,0.5030773753418748,0.5030773753418748,0.5356463589543935,0.4782046496521817,-0.0606594337053366
2022-02-01,Feb 2022,Baringo,4,233374,666783,0.35,2022-01-01,15.554098,44.01299285888672,164.76743698120117,14.670997619628906,27.461239496866863,2022-01-01,0.376322708120111,0.376322708120111,0.4119605890986793,0.4819437411169067,-0.0782078179887106
2022-02-01,Feb 2022,Embu,3,13618,272357,0.05,2022-01-01,10.219012,135.41112804412842,170.16510152816772,45.13704268137614,28.360850254694626,2022-01-01,0.7702618523687625,0.7702618523687625,0.7608682837771129,0.7101437659982679,0.0014644231891401
2022-02-01,Feb 2022,Garissa,4,210339,841353,0.25,2022-01-01,3.2852528,94.48952412605286,107.39158272743224,31.49650804201762,17.89859712123871,2022-01-01,0.3976009457174713,0.3976009457174713,0.3422538146827525,0.279204490814666,0.0557248051536898
2022-02-01,Feb 2022,Isiolo,4,80401,268002,0.3,2022-01-01,5.265276,56.32427597045898,63.43551859259605,18.77475865681966,10.572586432099342,2022-01-01,0.2836192654855329,0.2836192654855329,0.2289386461322778,0.2083471575980638,-0.0056052223330831
2022-02-01,Feb 2022,Kajiado,3,111784,1117840,0.1,2022-01-01,14.930079,94.81110286712646,104.29874849319458,31.60370095570882,17.383124748865765,2022-01-01,0.4018693878362823,0.4018693878362823,0.3777083601121629,0.3269374723835208,-0.0691616703574148
2022-02-01,Feb 2022,Kilifi,3,218068,1453787,0.15,2022-01-01,5.2924767,134.4795799255371,194.361291885376,44.8265266418457,32.39354864756266,2022-01-01,0.5251976305082809,0.5251976305082809,0.4730157464257009,0.4588967245179709,0.0170440075797904
2022-02-01,Feb 2022,Kitui,4,227237,1136187,0.2,2022-01-01,7.202064,185.53716611862183,206.6057360172272,61.84572203954061,34.43428933620453,2022-01-01,0.6812747806675511,0.6812747806675511,0.5284083043359399,0.4080109003058688,0.1247449759825825
2022-02-01,Feb 2022,Kwale,3,130023,866820,0.15,2022-01-01,10.014473,117.33293342590332,193.4373378753662,39.11097780863444,32.239556312561035,2022-01-01,0.5099129073972649,0.5099129073972649,0.4275434981840098,0.3847291156608888,-0.0474046682033807
2022-02-01,Feb 2022,Laikipia,3,51856,518560,0.1,2022-01-01,15.399285,78.76284694671631,165.16223812103271,26.2542823155721,27.527039686838787,2022-01-01,0.3929449925530613,0.3929449925530613,0.4046489785546323,0.4169165373960208,-0.0547209562151818
2022-02-01,Feb 2022,Lamu,4,21588,143920,0.15,2022-01-01,2.6896691,86.96830129623413,108.52605056762695,28.989433765411377,18.08767509460449,2022-01-01,0.6868183208542004,0.6868183208542004,0.5791995977774284,0.5666054746720124,0.0536604501306146
2022-02-01,Feb 2022,Makueni,3,98765,987653,0.1,2022-01-01,5.2226214,108.257670879364,118.9333245754242,36.08589029312134,19.82222076257069,2022-01-01,0.6692293493525787,0.6692293493525787,0.5603225755921736,0.4407203582966607,0.0412148202238786
2022-02-01,Feb 2022,Mandera,4,303610,867457,0.35,2022-01-01,0.9084579,34.226715207099915,46.69629693031311,11.408905069033304,7.782716155052185,2022-01-01,0.2735596674474706,0.2735596674474706,0.2912895818813171,0.2702066876232846,-0.0439705189649149
2022-02-01,Feb 2022,Marsabit,4,229893,459785,0.5,2022-01-01,10.090366,40.0427885055542,54.89344787597656,13.347596168518066,9.148907979329428,2022-01-01,0.1806651128930227,0.1806651128930227,0.1725272716848983,0.1679297415058726,-0.0437815528684276
2022-02-01,Feb 2022,Meru,4,152977,764885,0.2,2022-01-01,17.469297,169.6279582977295,213.70919561386108,56.54265276590983,35.618199268976845,2022-01-01,0.6611848810931257,0.6611848810931257,0.6174614615184911,0.5233174469553307,0.0322749548534949
2022-02-01,Feb 2022,Narok,3,57894,1157873,0.05,2022-01-01,50.978107,127.41297912597656,220.08692932128903,42.47099304199219,36.68115488688151,2022-01-01,0.4560757259500341,0.4560757259500341,0.4527703219673454,0.4603881227557097,-0.1374187482333628
2022-02-01,Feb 2022,Nyeri,3,19890,198901,0.1,2022-01-01,22.301687,136.39650917053223,237.54193878173828,45.46550305684408,39.59032313028971,2022-01-01,0.7291113880729737,0.7291113880729737,0.7134338220987271,0.6681009441670098,-0.0061841479806442
2022-02-01,Feb 2022,Samburu,4,108615,310327,0.35,2022-01-01,8.7203455,60.65451717376709,89.062979221344,20.21817239125569,14.843829870224,2022-01-01,0.3130673594089576,0.3130673594089576,0.3209488976718254,0.3186016433209021,-0.0602657554025113
2022-02-01,Feb 2022,Taita Taveta,3,34067,340671,0.1,2022-01-01,10.65232,138.04913997650146,166.44999408721924,46.01637999216715,27.741665681203205,2022-01-01,0.5452151873861159,0.5452151873861159,0.4481731862023343,0.3598217281964705,0.0273585018570301
2022-02-01,Feb 2022,Tana River,4,78986,315943,0.25,2022-01-01,3.8577142,113.16236925125122,130.1471128463745,37.72078975041708,21.691185474395752,2022-01-01,0.4517965647167057,0.4517965647167057,0.3801251821916571,0.3029140452134686,0.0880652031133221
2022-02-01,Feb 2022,Tharaka Nithi,3,13360,133595,0.1,2022-01-01,10.395943,147.47325897216797,178.77553367614746,49.157752990722656,29.79592227935791,2022-01-01,0.6255748563245375,0.6255748563245375,0.5816942346740502,0.4458229318128324,0.0861055149488394
2022-02-01,Feb 2022,Turkana,4,370791,926976,0.4,2022-01-01,4.7297897,14.597306489944458,34.66962552070618,4.865768829981486,5.778270920117696,2022-01-01,0.2051294232873221,0.2051294232873221,0.2112138348307456,0.2317852311221191,-0.0232098644685007
2022-02-01,Feb 2022,Wajir,4,273442,781263,0.35,2022-01-01,4.496208,82.90527153015137,95.16368293762208,27.635090510050457,15.860613822937012,2022-01-01,0.2568084327599517,0.2568084327599517,0.2486312624722659,0.2307231213485074,-0.0388634716459304
2022-02-01,Feb 2022,West Pokot,3,31062,621241,0.05,2022-01-01,9.781302,22.70556735992432,126.55312061309814,7.5685224533081055,21.09218676884969,2022-01-01,0.4060662224993525,0.4060662224993525,0.4516232803289225,0.5175889116909235,-0.0390012600399268
2022-07-01,Jul 2022,Baringo,4,139670,349173,0.4,2022-06-01,26.969236,121.41701316833496,168.29867935180664,40.47233772277832,28.049779891967773,2022-06-01,0.505935152159115,0.505935152159115,0.5254178010247637,0.4412619605626832,-0.0608232294098569
2022-07-01,Jul 2022,Embu,4,40854,272357,0.15,2022-06-01,3.1022995,103.19840025901794,137.0352079868317,34.39946675300598,22.83920133113861,2022-06-01,0.7343534342253,0.7343534342253,0.7521467543852135,0.731424213795061,-0.0025284257021311
2022-07-01,Jul 2022,Garissa,4,378609,841353,0.45,2022-06-01,7.0958076,49.33372259140015,59.93832015991211,16.44457419713338,9.989720026652018,2022-06-01,0.2179269122977941,0.2179269122977941,0.2298907260575973,0.2670211864724889,-0.0411825713111572
2022-07-01,Jul 2022,Isiolo,4,134001,268002,0.5,2022-06-01,0.22437146,28.29123643040657,41.336252719163895,9.430412143468857,6.889375453193982,2022-06-01,0.1944816452075146,0.1944816452075146,0.2144630662413996,0.2238914882835362,-0.0546832063444922
2022-07-01,Jul 2022,Kajiado,3,55892,1117840,0.05,2022-06-01,1.714534,57.23132824897766,110.23712277412416,19.07710941632589,18.37285379568736,2022-06-01,0.3042515862983212,0.3042515862983212,0.3442098960663529,0.3632989111635363,-0.105466999756573
2022-07-01,Jul 2022,Kilifi,3,72689,1453787,0.05,2022-06-01,41.304665,166.9163703918457,189.6363010406494,55.638790130615234,31.60605017344157,2022-06-01,0.4387599184887207,0.4387599184887207,0.4109350282469866,0.4255143830548201,-0.0588998362599704
2022-07-01,Jul 2022,Kitui,4,284046,1136187,0.25,2022-06-01,2.1500456,71.91559720039368,96.77050471305849,23.97186573346456,16.12841745217641,2022-06-01,0.3412782617669422,0.3412782617669422,0.3846174338233266,0.4398996098727736,-0.0462647431333673
2022-07-01,Jul 2022,Kwale,3,86682,866820,0.1,2022-06-01,35.696507,166.54067993164062,198.8914451599121,55.51355997721354,33.14857419331869,2022-06-01,0.3503831225041905,0.3503831225041905,0.3897481931465767,0.4149291260652308,-0.1378492220230554
2022-07-01,Jul 2022,Laikipia,4,129640,518560,0.25,2022-06-01,13.326724,83.99546337127686,128.9173765182495,27.998487790425617,21.48622941970825,2022-06-01,0.3624332121441292,0.3624332121441292,0.3633619527696095,0.3498183904545951,-0.1428526977091754
2022-07-01,Jul 2022,Lamu,3,14392,143920,0.1,2022-06-01,36.456547,168.42084884643555,177.50080347061157,56.14028294881185,29.58346724510193,2022-06-01,0.7677671588404331,0.7677671588404331,0.6407156103978999,0.6017895357478643,0.0291385118902337
2022-07-01,Jul 2022,Makueni,4,197531,987653,0.2,2022-06-01,1.76589,44.72942912578583,68.96636998653412,14.909809708595276,11.494394997755686,2022-06-01,0.3949491182383924,0.3949491182383924,0.4408798436626899,0.4834772566196821,-0.0652233332426764
2022-07-01,Jul 2022,Mandera,4,390356,867457,0.45,2022-06-01,1.1229537,63.94842743873596,73.68730425834656,21.31614247957865,12.281217376391092,2022-06-01,0.2659747269768817,0.2659747269768817,0.3091256348672993,0.2784711525549085,-0.0422528961492945
2022-07-01,Jul 2022,Marsabit,4,206904,459785,0.45,2022-06-01,1.7075921,65.272252202034,91.37225258350372,21.757417400678,15.228708763917288,2022-06-01,0.1637282185450223,0.1637282185450223,0.1816501938432696,0.1771332096423301,-0.0496778876285763
2022-07-01,Jul 2022,Meru,3,152977,764885,0.2,2022-06-01,3.2767591,87.93089580535889,132.20772647857666,29.310298601786297,22.034621079762776,2022-06-01,0.425306524297615,0.425306524297615,0.495943015917653,0.5264468990964302,-0.1059885440833067
2022-07-01,Jul 2022,Narok,3,57894,1157873,0.05,2022-06-01,23.733849,161.8576698303223,327.40891456604004,53.95255661010742,54.56815242767334,2022-06-01,0.5504237816483556,0.5504237816483556,0.5814249760740268,0.5672518736444968,-0.0573424686784889
2022-07-01,Jul 2022,Nyeri,3,29835,198901,0.15,2022-06-01,14.220905,158.39290237426758,234.0019264221192,52.79763412475586,39.00032107035319,2022-06-01,0.6093092656900342,0.6093092656900342,0.6502712698847474,0.6622405298356835,-0.0846339654730725
2022-07-01,Jul 2022,Samburu,4,139647,310327,0.45,2022-06-01,4.9183483,69.15926265716553,99.09800243377686,23.053087552388508,16.51633373896281,2022-06-01,0.2989091235227418,0.2989091235227418,0.3233234118749536,0.3028445884917086,-0.0695239249401164
2022-07-01,Jul 2022,Taita Taveta,3,34067,340671,0.1,2022-06-01,9.591072,76.43888187408447,120.59511947631836,25.47962729136149,20.099186579386394,2022-06-01,0.2875156788195366,0.2875156788195366,0.3189675493597564,0.3808437992775454,-0.0694326197070809
2022-07-01,Jul 2022,Tana River,4,94783,315943,0.3,2022-06-01,7.328095,35.514103412628174,49.343358278274536,11.83803447087606,8.22389304637909,2022-06-01,0.2459117999186671,0.2459117999186671,0.2645824907815535,0.3053484267902423,-0.0342987257487358
2022-07-01,Jul 2022,Tharaka Nithi,3,26719,133595,0.2,2022-06-01,2.099405,98.6845805644989,127.94121384620668,32.8948601881663,21.323535641034443,2022-06-01,0.3937022560656085,0.3937022560656085,0.4874073246542149,0.4868852862826051,-0.0582611580961839
2022-07-01,Jul 2022,Turkana,4,463488,926976,0.5,2022-06-01,4.9463964,48.93043375015259,69.57798528671265,16.310144583384197,11.596330881118774,2022-06-01,0.2483050094161673,0.2483050094161673,0.25998309043652,0.2266113698430785,-0.0265222947306973
2022-07-01,Jul 2022,Wajir,4,351568,781263,0.45,2022-06-01,1.1341031,73.16872334480286,87.54894280433655,24.38957444826762,14.591490467389423,2022-06-01,0.2349495281360753,0.2349495281360753,0.2488095909953966,0.2370374751764647,-0.0281137491203901
2022-07-01,Jul 2022,West Pokot,3,31062,621241,0.05,2022-06-01,16.856579,107.53176879882812,141.6708002090454,35.84392293294271,23.6118000348409,2022-06-01,0.5492914643438396,0.5492914643438396,0.5202559196401402,0.4501453567571858,-0.0144453447033718
2023-01-01,Jan 2023,Baringo,3,220000,733333,0.3,2022-12-01,20.157116,85.9594497680664,229.27747917175293,28.6531499226888,38.21291319529215,2022-12-01,0.3950538962620527,0.3950538962620527,0.4182349277262115,0.4871414738063324,-0.1162697285195785
2023-01-01,Jan 2023,Embu,3,28098,280979,0.1,2022-12-01,21.258661,137.32147979736328,160.25464725494385,45.77382659912109,26.70910787582397,2022-12-01,0.7959598480794835,0.7959598480794835,0.7145235230039324,0.6807730002027427,0.0040105361708275
2023-01-01,Jan 2023,Garissa,4,509867,927031,0.55,2022-12-01,10.753434,69.73566436767578,83.80801224708557,23.24522145589193,13.96800204118093,2022-12-01,0.364354191667878,0.364354191667878,0.2657950558481425,0.2303247027163409,-0.067713371446258
2023-01-01,Jan 2023,Isiolo,4,110578,315937,0.35,2022-12-01,15.223699,45.41214942932129,47.12020036578178,15.137383143107096,7.853366727630298,2022-12-01,0.2146031935954777,0.2146031935954777,0.2047644503121315,0.1925653805391537,-0.1364197381744403
2023-01-01,Jan 2023,Kajiado,3,190239,1268261,0.15,2022-12-01,25.611103,74.91079950332642,78.02861404418945,24.970266501108807,13.004769007364908,2022-12-01,0.3363444903889275,0.3363444903889275,0.2851564119622954,0.2661676970081372,-0.156277460606065
2023-01-01,Jan 2023,Kilifi,3,78867,1577335,0.05,2022-12-01,19.349413,102.83647346496582,198.2177276611328,34.27882448832194,33.03628794352213,2022-12-01,0.5229129622075604,0.5229129622075604,0.473778410829684,0.4643968801845554,-0.0551778648487466
2023-01-01,Jan 2023,Kitui,4,307448,1229790,0.25,2022-12-01,37.241898,138.52994632720947,152.16168880462646,46.17664877573649,25.360281467437744,2022-12-01,0.6096446023030754,0.6096446023030754,0.4130542480101122,0.3463292110107251,-0.0288258246162617
2023-01-01,Jan 2023,Kwale,3,94446,944464,0.1,2022-12-01,30.516464,111.86135482788086,218.1373882293701,37.28711827596029,36.35623137156168,2022-12-01,0.4344953130099008,0.4344953130099008,0.3904843396428538,0.3908611124596136,-0.1598059663994468
2023-01-01,Jan 2023,Laikipia,3,84183,561223,0.15,2022-12-01,24.726799,98.66897773742676,182.9423675537109,32.88965924580892,30.49039459228516,2022-12-01,0.4068532523237917,0.4068532523237917,0.3849509864971092,0.3878631233404437,-0.1070501930201767
2023-01-01,Jan 2023,Lamu,3,16733,167332,0.1,2022-12-01,8.182904,55.30557346343994,97.62769365310668,18.43519115447998,16.27128227551778,2022-12-01,0.5645278383464862,0.5645278383464862,0.5442979449525596,0.5929941746091459,-0.0916602372760867
2023-01-01,Jan 2023,Makueni,3,208460,1042300,0.2,2022-12-01,21.96653,71.26595258712769,76.76985383033752,23.75531752904256,12.794975638389587,2022-12-01,0.6188774988434901,0.6188774988434901,0.3866235105130468,0.3484835251372176,-0.0514197210949294
2023-01-01,Jan 2023,Mandera,4,527579,959236,0.55,2022-12-01,4.667781,40.50712490081787,46.2865344285965,13.502374966939293,7.714422404766083,2022-12-01,0.2520736084892666,0.2520736084892666,0.2588795636112587,0.2427034545872222,-0.1463021349044015
2023-01-01,Jan 2023,Marsabit,4,283411,515292,0.55,2022-12-01,13.655577,46.828158378601074,54.4012166261673,15.609386126200356,9.06686943769455,2022-12-01,0.1577722496426333,0.1577722496426333,0.146259969006404,0.1496141745656154,-0.1180419244421876
2023-01-01,Jan 2023,Meru,3,158895,794476,0.2,2022-12-01,44.232445,183.2960586547852,210.79735469818115,61.09868621826172,35.13289244969686,2022-12-01,0.6428460635452188,0.6428460635452188,0.5226919538656475,0.4704610925100085,-0.0401032738296823
2023-01-01,Jan 2023,Narok,3,128400,1284000,0.1,2022-12-01,57.17893,152.71164512634277,243.48316764831543,50.90388170878092,40.5805279413859,2022-12-01,0.5009314042154827,0.5009314042154827,0.4425018347256571,0.4506604381991249,-0.0764554849812402
2023-01-01,Jan 2023,Nyeri,3,30771,205139,0.15,2022-12-01,30.182074,179.02609825134277,259.8372135162353,59.67536608378092,43.30620225270589,2022-12-01,0.7264019313955487,0.7264019313955487,0.647151556661889,0.614487596375131,-0.0298450909352671
2023-01-01,Jan 2023,Samburu,4,156734,348298,0.45,2022-12-01,23.929722,64.76433277130127,88.19371795654297,21.58811092376709,14.698952992757162,2022-12-01,0.3230608557621346,0.3230608557621346,0.2842795653004555,0.2831960572740192,-0.1107269606333313
2023-01-01,Jan 2023,Taita Taveta,3,54599,363990,0.15,2022-12-01,38.784527,111.18517208099364,133.317880153656,37.06172402699789,22.219646692276,2022-12-01,0.400398595660115,0.400398595660115,0.2935465122713485,0.2719230152946516,-0.1428801868994116
2023-01-01,Jan 2023,Tana River,4,158647,352549,0.45,2022-12-01,15.883801,70.87342548370361,89.01775646209717,23.62447516123454,14.83629274368286,2022-12-01,0.3641339392381051,0.3641339392381051,0.2908079919904306,0.2589388667951404,-0.0724388155567537
2023-01-01,Jan 2023,Tharaka Nithi,3,17771,177709,0.1,2022-12-01,30.183113,141.66814613342285,158.21314549446106,47.22271537780762,26.36885758241017,2022-12-01,0.6031010846827857,0.6031010846827857,0.4072305370072444,0.3626637941123898,-0.0247583617009555
2023-01-01,Jan 2023,Turkana,4,511387,1022773,0.5,2022-12-01,10.123238,25.388357639312744,52.34549617767334,8.462785879770914,8.724249362945557,2022-12-01,0.1974163042277085,0.1974163042277085,0.1903913746762703,0.2160267479880085,-0.0692419419305894
2023-01-01,Jan 2023,Wajir,4,478849,870636,0.55,2022-12-01,16.718422,64.65375328063965,71.62977766990662,21.55125109354655,11.93829627831777,2022-12-01,0.2320949049606329,0.2320949049606329,0.2134798598033157,0.2074858809394612,-0.1430206324068248
2023-01-01,Jan 2023,West Pokot,3,33816,676326,0.05,2022-12-01,10.326863,60.58489894866944,183.28126049041748,20.194966316223145,30.546876748402912,2022-12-01,0.3995027073017229,0.3995027073017229,0.4146211057152032,0.477029089059243,-0.111321236484851
2023-07-01,Jul 2023,Baringo,4,109950,733000,0.15,2023-06-01,37.14415,149.14724349975586,206.7095301151276,49.71574783325195,34.45158835252126,2023-06-01,0.4969815425832949,0.4969815425832949,0.5609608368430721,0.4628424752657444,-0.069776838985677
2023-07-01,Jul 2023,Embu,3,14050,281000,0.05,2023-06-01,7.9523125,170.84697914123535,221.4986343383789,56.94899304707845,36.91643905639648,2023-06-01,0.7172292351033541,0.7172292351033541,0.7579295122265618,0.7243049721910308,-0.019652624824077
2023-07-01,Jul 2023,Garissa,4,324450,927000,0.35,2023-06-01,5.3623977,105.21283292770386,133.3983018398285,35.07094430923462,22.23305030663808,2023-06-01,0.2734919794111944,0.2734919794111944,0.3483949150158718,0.3009889822784757,0.0143824958022431
2023-07-01,Jul 2023,Isiolo,4,79000,316000,0.25,2023-06-01,0.5389681,89.20308423042297,123.53361570835114,29.73436141014099,20.588935951391857,2023-06-01,0.2768093787699082,0.2768093787699082,0.3995928877689207,0.2974608199266828,0.0276445272179013
2023-07-01,Jul 2023,Kajiado,3,126800,1268000,0.1,2023-06-01,2.3638651,71.50434041023254,119.04149866104126,23.834780136744182,19.84024977684021,2023-06-01,0.3330831538641524,0.3330831538641524,0.4092040950014231,0.3477195653931926,-0.0766354321907419
2023-07-01,Jul 2023,Kilifi,3,78850,1577000,0.05,2023-06-01,34.95131,241.68239212036133,275.28463220596313,80.56079737345378,45.88077203432719,2023-06-01,0.3818218130873715,0.3818218130873715,0.4284657914439418,0.3835490073012584,-0.1158379416613196
2023-07-01,Jul 2023,Kitui,3,184500,1230000,0.15,2023-06-01,3.0462346,145.4739031791687,190.73014783859253,48.4913010597229,31.788357973098755,2023-06-01,0.4083357144412229,0.4083357144412229,0.4604967677312681,0.4160035992622976,0.0207927095409133
2023-07-01,Jul 2023,Kwale,3,47200,944000,0.05,2023-06-01,31.671862,236.05681037902832,274.00581312179565,78.6856034596761,45.66763552029928,2023-06-01,0.526122940859335,0.526122940859335,0.498020443089594,0.4271905821786234,0.037890596332089
2023-07-01,Jul 2023,Laikipia,3,56100,561000,0.1,2023-06-01,30.57742,156.5378303527832,220.5501573085785,52.17927678426107,36.75835955142975,2023-06-01,0.4336234748273024,0.4336234748273024,0.4922286726722096,0.4003568024292493,-0.0716624350260022
2023-07-01,Jul 2023,Lamu,3,8350,167000,0.05,2023-06-01,25.897732,208.62592315673828,230.81690168380737,69.54197438557942,38.469483613967896,2023-06-01,0.7204077827370003,0.7204077827370003,0.684621801168721,0.604400161806603,-0.018220864213199
2023-07-01,Jul 2023,Makueni,3,156300,1042000,0.15,2023-06-01,2.5919192,62.57114243507385,87.43649303913116,20.857047478357952,14.572748839855194,2023-06-01,0.4577536296524471,0.4577536296524471,0.5125085793828922,0.4717844784984797,-0.0024188218286217
2023-07-01,Jul 2023,Mandera,4,287700,959000,0.3,2023-06-01,0.9470579,72.59546393156052,133.37127619981766,24.19848797718684,22.228546033302944,2023-06-01,0.3429670840388212,0.3429670840388212,0.4278856270862247,0.339865357745716,0.034739460912645
2023-07-01,Jul 2023,Marsabit,4,206000,515000,0.4,2023-06-01,1.6567788,121.55384302139282,184.41209149360657,40.51794767379761,30.73534858226776,2023-06-01,0.2269742142851065,0.2269742142851065,0.2973239672729006,0.228621218266883,0.0135681081115078
2023-07-01,Jul 2023,Meru,3,79500,795000,0.1,2023-06-01,9.265021,238.3482542037964,311.2383608818054,79.44941806793213,51.87306014696757,2023-06-01,0.554755905799476,0.554755905799476,0.6548709662923183,0.5787578627070377,0.0234608374185542
2023-07-01,Jul 2023,Narok,3,64200,1284000,0.05,2023-06-01,34.020763,167.78712844848633,270.6201663017273,55.92904281616211,45.10336105028788,2023-06-01,0.5746081452350095,0.5746081452350095,0.6174977844153987,0.5452770702797785,-0.033158105091835
2023-07-01,Jul 2023,Nyeri,3,20500,205000,0.1,2023-06-01,31.822796,254.67415618896484,342.2698645591736,84.89138539632161,57.04497742652893,2023-06-01,0.6848599044178635,0.6848599044178635,0.7251263301448744,0.6830236709022527,-0.0090833267452432
2023-07-01,Jul 2023,Samburu,4,104400,348000,0.3,2023-06-01,8.722588,125.87817192077635,180.9908759593964,41.95939064025879,30.165145993232727,2023-06-01,0.3090749446449424,0.3090749446449424,0.3970572631247719,0.3332761578352397,-0.0593581038179158
2023-07-01,Jul 2023,Taita Taveta,3,54600,364000,0.15,2023-06-01,13.901965,132.2438554763794,163.5693519115448,44.08128515879313,27.261558651924133,2023-06-01,0.3062042246937498,0.3062042246937498,0.330218641466025,0.3116355749574914,-0.0507440738328677
2023-07-01,Jul 2023,Tana River,4,88250,353000,0.25,2023-06-01,7.410112,92.48411846160889,121.36783039569856,30.82803948720296,20.227971732616425,2023-06-01,0.2693879622798441,0.2693879622798441,0.3296078336164877,0.2961360494513894,-0.0108225633875588
2023-07-01,Jul 2023,Tharaka Nithi,3,8900,178000,0.05,2023-06-01,5.689992,197.8713846206665,249.53410840034485,65.95712820688884,41.589018066724144,2023-06-01,0.4653757811986025,0.4653757811986025,0.5743925208364368,0.4805114714240764,0.01341236703681
2023-07-01,Jul 2023,Turkana,4,358050,1023000,0.35,2023-06-01,6.460581,67.83300018310547,106.95456206798552,22.61100006103516,17.825760344664257,2023-06-01,0.2446495841828415,0.2446495841828415,0.2840422160960575,0.233054524752762,-0.0301777199640231
2023-07-01,Jul 2023,Wajir,4,261300,871000,0.3,2023-06-01,1.1284164,145.67541825771332,209.58608090877533,48.55847275257111,34.93101348479589,2023-06-01,0.2900310284734907,0.2900310284734907,0.3821033093797236,0.3004225187400358,0.0269677512170252
2023-07-01,Jul 2023,West Pokot,3,67600,676000,0.1,2023-06-01,27.382711,128.45155906677246,180.4058319330216,42.81718635559082,30.06763865550359,2023-06-01,0.4721806789980914,0.4721806789980914,0.539776833607012,0.449610263685811,-0.09155613004912
2024-02-01,Feb 2024,Baringo,3,73300,733000,0.1,2024-01-01,28.33091,81.55722427368164,194.13715744018555,27.185741424560547,32.35619290669759,2024-01-01,0.4511155476094184,0.4511155476094184,0.5143529081748216,0.4982864386728158,-0.0034149784994032
2024-02-01,Feb 2024,Embu,3,14050,281000,0.05,2024-01-01,20.463709,227.91265869140625,294.3257579803467,75.97088623046875,49.05429299672445,2024-01-01,0.76976937526956,0.76976937526956,0.7962194351942072,0.7728292482432632,0.0009719460899376
2024-02-01,Feb 2024,Garissa,3,185400,927000,0.2,2024-01-01,4.0103025,146.7466917037964,176.26837491989136,48.915563901265465,29.37806248664856,2024-01-01,0.4613678533809285,0.4613678533809285,0.5111909846606005,0.363013887963357,0.1194917128171471
2024-02-01,Feb 2024,Isiolo,4,63200,316000,0.2,2024-01-01,5.2169094,88.93281841278076,109.735295265913,29.64427280426025,18.28921587765217,2024-01-01,0.4561704022152325,0.4561704022152325,0.525162831135405,0.3710744957452703,0.1669459143966163
2024-02-01,Feb 2024,Kajiado,3,63400,1268000,0.05,2024-01-01,51.112194,174.00953674316406,188.8990111351013,58.00317891438802,31.483168522516888,2024-01-01,0.6206988528063204,0.6206988528063204,0.5889317469822808,0.4261957900566059,0.1496677946126233
2024-02-01,Feb 2024,Kilifi,3,157700,1577000,0.1,2024-01-01,7.810633,335.46355676651,437.28807497024536,111.82118558883668,72.88134582837422,2024-01-01,0.6398818341432908,0.6398818341432908,0.6616379492328855,0.5907384655219599,0.1317282112148002
2024-02-01,Feb 2024,Kitui,2,0,1230000,0.0,2024-01-01,12.793272,286.24633979797363,331.7652084827423,95.41544659932454,55.29420141379038,2024-01-01,0.5978381026945656,0.5978381026945656,0.6445829387537948,0.4762658385812817,0.041308298009597
2024-02-01,Feb 2024,Kwale,4,141600,944000,0.15,2024-01-01,15.809966,330.4284429550171,447.5132894515991,110.14281431833903,74.58554824193318,2024-01-01,0.7068949360770446,0.7068949360770446,0.7136321148898523,0.5825618196435962,0.1495773604763989
2024-02-01,Feb 2024,Laikipia,3,56100,561000,0.1,2024-01-01,29.864908,135.32533073425293,223.0673084259033,45.10844357808431,37.17788473765055,2024-01-01,0.540127146841397,0.540127146841397,0.5946981296810439,0.4822301893290346,0.0924611980731537
2024-02-01,Feb 2024,Lamu,3,16700,167000,0.1,2024-01-01,3.8889258,189.053407907486,248.51937985420227,63.01780263582865,41.41989664236704,2024-01-01,0.7753058764748867,0.7753058764748867,0.7661961061386459,0.7015677416023761,0.1421480057513009
2024-02-01,Feb 2024,Makueni,3,156300,1042000,0.15,2024-01-01,19.38775,170.5218048095703,187.1049857139588,56.8406016031901,31.18416428565979,2024-01-01,0.6943712034045552,0.6943712034045552,0.6778380173749596,0.5053711257360838,0.0663566742758551
2024-02-01,Feb 2024,Mandera,4,191800,959000,0.2,2024-01-01,0.82243603,155.20695823431015,239.49397194385529,51.73565274477005,39.91566199064255,2024-01-01,0.4635015077436045,0.4635015077436045,0.5607278238525887,0.4329118952045676,0.1459713213312188
2024-02-01,Feb 2024,Marsabit,4,103000,515000,0.2,2024-01-01,6.4679303,97.33851861953735,161.03405213356018,32.446172873179115,26.839008688926697,2024-01-01,0.3085149792483723,0.3085149792483723,0.3819371290597095,0.2824870211430506,0.0840683134869219
2024-02-01,Feb 2024,Meru,3,39750,795000,0.05,2024-01-01,26.763397,271.65941619873047,391.2767081260681,90.55313873291016,65.21278468767802,2024-01-01,0.7065150939175451,0.7065150939175451,0.7320035845157161,0.5825610946154083,0.0776051676779143
2024-02-01,Feb 2024,Narok,3,64200,1284000,0.05,2024-01-01,107.58857,261.28222274780273,362.5714492797852,87.09407424926758,60.4285748799642,2024-01-01,0.6923983320378683,0.6923983320378683,0.629046977773078,0.547680300558118,0.0989038578544713
2024-02-01,Feb 2024,Nyeri,3,10250,205000,0.05,2024-01-01,56.631813,237.0661563873291,367.1527938842773,79.0220521291097,61.19213231404623,2024-01-01,0.7606749456230137,0.7606749456230137,0.7722392421572318,0.7001752811235691,0.0253794095693957
2024-02-01,Feb 2024,Samburu,4,52200,348000,0.15,2024-01-01,12.406804,96.77460765838624,162.95374393463135,32.25820255279541,27.15895732243856,2024-01-01,0.4649036269575067,0.4649036269575067,0.5088177376114694,0.402021578849084,0.0915705121460377
2024-02-01,Feb 2024,Taita Taveta,2,0,364000,0.0,2024-01-01,18.634443,269.0904140472412,329.1584548950196,89.69680468241374,54.85974248250326,2024-01-01,0.6463247794060952,0.6463247794060952,0.6096656428856159,0.4325308057208869,0.1284680938770095
2024-02-01,Feb 2024,Tana River,3,52950,353000,0.15,2024-01-01,5.608541,191.35749197006223,228.0886468887329,63.785830656687416,38.01477448145548,2024-01-01,0.4428368650715586,0.4428368650715586,0.4861316683058261,0.356107017656109,0.079105503468175
2024-02-01,Feb 2024,Tharaka Nithi,3,8900,178000,0.05,2024-01-01,17.075035,230.9449691772461,307.7154717445373,76.98165639241536,51.28591195742289,2024-01-01,0.6021447506757536,0.6021447506757536,0.628220946066928,0.4790690082465169,0.0626754093000555
2024-02-01,Feb 2024,Turkana,4,306900,1023000,0.3,2024-01-01,4.9166517,29.96225452423096,56.12959623336792,9.987418174743652,9.35493270556132,2024-01-01,0.2292463880167634,0.2292463880167634,0.2613970389354725,0.2399892383154962,0.0009071002609405
2024-02-01,Feb 2024,Wajir,4,174200,871000,0.2,2024-01-01,2.0616398,199.44823551177976,282.20086455345154,66.48274517059326,47.033477425575256,2024-01-01,0.4550341403540585,0.4550341403540585,0.5275954811453923,0.3837664215666314,0.1593622359481764
2024-02-01,Feb 2024,West Pokot,2,0,676000,0.0,2024-01-01,13.049882,47.189366817474365,157.1427149772644,15.72978893915812,26.19045249621073,2024-01-01,0.4431630117224406,0.4431630117224406,0.5174931444304897,0.5000036335460594,-0.0019044708168387
2024-07-01,Jul 2024,Baringo,3,36650,733000,0.05,2024-06-01,22.540413,224.39191436767572,295.2691650390625,74.79730478922527,49.211527506510414,2024-06-01,0.5939742906188871,0.5939742906188871,0.6085370092436441,0.5151743695833364,0.0272159090499151
2024-07-01,Jul 2024,Embu,2,0,281000,0.0,2024-06-01,3.7335608,284.1206533908844,347.72562623023987,94.70688446362811,57.954271038373314,2024-06-01,0.7667843012550694,0.7667843012550694,0.7917221073737949,0.7787811587160339,0.0299024413276381
2024-07-01,Jul 2024,Garissa,3,92700,927000,0.1,2024-06-01,5.9595113,89.5782380104065,105.72890663146973,29.85941267013549,17.62148443857829,2024-06-01,0.3255049147998162,0.3255049147998162,0.4191719880282802,0.3922666538868459,0.0663954311908648
2024-07-01,Jul 2024,Isiolo,3,15800,316000,0.05,2024-06-01,0.21248107,70.98481993377209,87.89354614913464,23.66160664459069,14.648924358189106,2024-06-01,0.3169853291432527,0.3169853291432527,0.424000955690094,0.3924545345867421,0.0678204775912459
2024-07-01,Jul 2024,Kajiado,2,0,1268000,0.0,2024-06-01,4.4930015,178.80220556259155,300.9072070121765,59.60073518753052,50.15120116869608,2024-06-01,0.5273957666095889,0.5273957666095889,0.5942305481747482,0.5795971471699138,0.1176771805546945
2024-07-01,Jul 2024,Kilifi,3,78850,1577000,0.05,2024-06-01,32.962852,151.59297943115234,203.88927555084229,50.530993143717446,33.98154592514038,2024-06-01,0.4542069397882323,0.4542069397882323,0.5424597553445645,0.5455606171679005,-0.0434528149604588
2024-07-01,Jul 2024,Kitui,2,0,1230000,0.0,2024-06-01,1.913127,166.099196434021,238.56823348999023,55.36639881134033,39.7613722483317,2024-06-01,0.4445598386408123,0.4445598386408123,0.5684892131645363,0.558694774899256,0.0570168337405027
2024-07-01,Jul 2024,Kwale,3,47200,944000,0.05,2024-06-01,28.444471,131.62308311462402,205.7020807266236,43.87436103820801,34.28368012110392,2024-06-01,0.5016988247581802,0.5016988247581802,0.5809840915158314,0.6006558882538692,0.0134664802309342
2024-07-01,Jul 2024,Laikipia,3,28050,561000,0.05,2024-06-01,9.828373,199.12028884887687,276.2588520050049,66.37342961629231,46.04314200083415,2024-06-01,0.6144214739262179,0.6144214739262179,0.6371457863353042,0.5444445134935766,0.1091355640729132
2024-07-01,Jul 2024,Lamu,3,8350,167000,0.05,2024-06-01,23.537714,169.7196559906006,190.6887856721878,56.57321866353353,31.781464278697968,2024-06-01,0.7563859993655581,0.7563859993655581,0.7549342942250021,0.7308045477922054,0.0177573524153586
2024-07-01,Jul 2024,Makueni,3,52100,1042000,0.05,2024-06-01,2.4105601,120.92355871200562,194.6877970695496,40.30785290400187,32.44796617825826,2024-06-01,0.5486067472531767,0.5486067472531767,0.630836922406774,0.6309424582724568,0.0884342957721078
2024-07-01,Jul 2024,Mandera,3,95900,959000,0.1,2024-06-01,0.9496922,131.08736270666122,139.82749378681183,43.69578756888708,23.30458229780197,2024-06-01,0.4363069000083643,0.4363069000083643,0.5093365247368332,0.4456247270221844,0.1280792768821881
2024-07-01,Jul 2024,Marsabit,3,70906,515000,0.1377,2024-06-01,1.5060432,140.49819445610046,171.5483067035675,46.83273148536682,28.591384450594585,2024-06-01,0.2694316858545141,0.2694316858545141,0.3537909182693129,0.3084070132087813,0.0560255796809154
2024-07-01,Jul 2024,Meru,3,39750,795000,0.05,2024-06-01,2.9781914,263.3986167907715,345.0177392959595,87.79953893025716,57.502956549326576,2024-06-01,0.6253332724154962,0.6253332724154962,0.7032445447332968,0.6695438533669935,0.0940382040345744
2024-07-01,Jul 2024,Narok,2,0,1284000,0.0,2024-06-01,24.255676,290.0330276489258,491.33708572387695,96.67767588297528,81.88951428731282,2024-06-01,0.6654753042410816,0.6654753042410816,0.6978024003786919,0.6918381444849295,0.057709053914237
2024-07-01,Jul 2024,Nyeri,2,0,205000,0.0,2024-06-01,20.237942,453.7159843444824,583.1642265319824,151.2386614481608,97.1940377553304,2024-06-01,0.7378322989548584,0.7378322989548584,0.7692245903528875,0.753494520949081,0.0438890677917516
2024-07-01,Jul 2024,Samburu,3,34800,348000,0.1,2024-06-01,4.8347645,135.56250953674316,182.7445764541626,45.18750317891439,30.4574294090271,2024-06-01,0.4602450066874788,0.4602450066874788,0.5434556587563798,0.4751707067842418,0.0918119582246205
2024-07-01,Jul 2024,Taita Taveta,2,0,364000,0.0,2024-06-01,6.718414,74.3348822593689,195.51930570602417,24.7782940864563,32.58655095100403,2024-06-01,0.3732046294604337,0.3732046294604337,0.504332630035367,0.542363461989349,0.0162563309338161
2024-07-01,Jul 2024,Tana River,3,52950,353000,0.15,2024-06-01,7.130876,60.75142526626587,93.3285870552063,20.25047508875529,15.55476450920105,2024-06-01,0.3240803368979654,0.3240803368979654,0.4012461858977884,0.3867436995266038,0.0438698112305624
2024-07-01,Jul 2024,Tharaka Nithi,2,0,178000,0.0,2024-06-01,2.074976,251.10114860534668,307.916748046875,83.7003828684489,51.3194580078125,2024-06-01,0.5407076442149457,0.5407076442149457,0.6105090193940752,0.5554822490964199,0.0887442300531532
2024-07-01,Jul 2024,Turkana,4,196119,1023000,0.1917,2024-06-01,4.801275,90.78332090377808,129.90883111953735,30.261106967926025,21.651471853256226,2024-06-01,0.2849917663643241,0.2849917663643241,0.3259323028094387,0.2724242994857269,0.0101644622174594
2024-07-01,Jul 2024,Wajir,3,87100,871000,0.1,2024-06-01,1.0969596,142.6407618522644,152.87184929847717,47.54692061742147,25.4786415497462,2024-06-01,0.3218034981464105,0.3218034981464105,0.4332738584794098,0.3950203636739253,0.058740220889945
2024-07-01,Jul 2024,West Pokot,2,0,676000,0.0,2024-06-01,16.684927,174.57985496520996,233.74835681915283,58.19328498840332,38.9580594698588,2024-06-01,0.589283664604093,0.589283664604093,0.5956647413081204,0.5165096818946594,0.0255468555568815
2025-02-01,Feb 2025,Baringo,3,73300,733000,0.1,2025-01-01,14.30354,81.24811315536499,195.8572134971619,27.082704385121662,32.64286891619364,2025-01-01,0.4916339273698215,0.4916339273698215,0.5244253985094405,0.567752786179879,0.0371034012609998
2025-02-01,Feb 2025,Embu,3,14050,281000,0.05,2025-01-01,11.813971,156.38723373413086,184.15185403823853,52.12907791137695,30.69197567303976,2025-01-01,0.77106200496758,0.77106200496758,0.7404305920774688,0.7416926651680367,0.0022645757879576
2025-02-01,Feb 2025,Garissa,4,185400,927000,0.2,2025-01-01,1.5318428,90.8881117105484,105.38986265659332,30.296037236849468,17.56497710943222,2025-01-01,0.3321059332710178,0.3321059332710178,0.3863059345393118,0.3145036649172657,-0.0097702072927636
2025-02-01,Feb 2025,Isiolo,3,47400,316000,0.15,2025-01-01,1.9653592,45.19259023666382,51.52952405810356,15.064196745554606,8.588254009683927,2025-01-01,0.2533840626175746,0.2533840626175746,0.2963005193142054,0.2719703942615536,-0.0358404252010414
2025-02-01,Feb 2025,Kajiado,3,63400,1268000,0.05,2025-01-01,31.332243,150.5918788909912,158.4129147529602,50.197292963663735,26.402152458826706,2025-01-01,0.4899086577413952,0.4899086577413952,0.5078056131181151,0.4219879106699156,0.018877599547698
2025-02-01,Feb 2025,Kilifi,3,157700,1577000,0.1,2025-01-01,4.5121512,141.03338384628296,198.15837621688843,47.011127948760986,33.02639603614807,2025-01-01,0.5021745087842735,0.5021745087842735,0.4586285914088833,0.4245854659919921,-0.005979114144217
2025-02-01,Feb 2025,Kitui,3,61500,1230000,0.05,2025-01-01,10.195041,195.5600118637085,213.5118792057037,65.18667062123616,35.58531320095062,2025-01-01,0.5532382005968898,0.5532382005968898,0.561087145311034,0.4400494528814752,-0.0032916040880788
2025-02-01,Feb 2025,Kwale,3,141600,944000,0.15,2025-01-01,7.3569403,124.1859884262085,197.59880352020264,41.39532947540283,32.933133920033775,2025-01-01,0.5829991674302066,0.5829991674302066,0.5518972825481182,0.4789269446164761,0.0256815918295609
2025-02-01,Feb 2025,Laikipia,3,28050,561000,0.05,2025-01-01,17.582262,87.38795566558838,172.05150318145752,29.129318555196125,28.67525053024292,2025-01-01,0.4405527336930221,0.4405527336930221,0.5019955227978453,0.5295815192765091,-0.007113215075221
2025-02-01,Feb 2025,Lamu,3,16700,167000,0.1,2025-01-01,1.5581509,91.48733866214752,120.89467585086824,30.49577955404917,20.14911264181137,2025-01-01,0.6211359241916157,0.6211359241916157,0.6258034327158529,0.6201882497314514,-0.01202194653197
2025-02-01,Feb 2025,Makueni,3,104200,1042000,0.1,2025-01-01,18.632626,131.61271286010742,138.88548755645752,43.87090428670248,23.147581259409588,2025-01-01,0.5848630414053472,0.5848630414053472,0.557745156755412,0.4663870920416049,-0.0431514877233528
2025-02-01,Feb 2025,Mandera,4,287700,959000,0.3,2025-01-01,0.6704539,30.24270522594452,44.5583643913269,10.080901741981506,7.42639406522115,2025-01-01,0.2931010470319733,0.2931010470319733,0.3812932173998417,0.3487781130271591,-0.0244291393804123
2025-02-01,Feb 2025,Marsabit,4,128750,515000,0.25,2025-01-01,2.8105261,50.1971230506897,76.287792801857,16.7323743502299,12.714632133642832,2025-01-01,0.2238607686538775,0.2238607686538775,0.2678155846593808,0.2369440344772578,-0.0005858971075728
2025-02-01,Feb 2025,Meru,3,119250,795000,0.15,2025-01-01,11.572562,193.6604700088501,229.54091095924372,64.55349000295003,38.2568184932073,2025-01-01,0.6051072675519686,0.6051072675519686,0.6290817231171663,0.5683414691946264,-0.023802658687662
2025-02-01,Feb 2025,Narok,3,64200,1284000,0.05,2025-01-01,52.179092,191.4525413513184,261.1313934326172,63.81751378377279,43.5218989054362,2025-01-01,0.6450972091078466,0.6450972091078466,0.6192439405328758,0.5746346105433454,0.0516027349244496
2025-02-01,Feb 2025,Nyeri,3,10250,205000,0.05,2025-01-01,34.13476,182.83796310424805,281.2504024505615,60.945987701416016,46.87506707509359,2025-01-01,0.7151013854911591,0.7151013854911591,0.7388337008182461,0.7195724035222936,-0.0201941505624588
2025-02-01,Feb 2025,Samburu,3,52200,348000,0.15,2025-01-01,7.6675663,65.53097724914551,102.16838717460632,21.843659083048504,17.028064529101055,2025-01-01,0.3726998107885609,0.3726998107885609,0.4267627448770305,0.4148987714088211,-0.000633304022908
2025-02-01,Feb 2025,Taita Taveta,3,18200,364000,0.05,2025-01-01,22.333595,180.42965698242188,204.513298034668,60.14321899414063,34.085549672444664,2025-01-01,0.5934711778540924,0.5934711778540924,0.4974300331446617,0.3979388556377823,0.0756144923250067
2025-02-01,Feb 2025,Tana River,3,52950,353000,0.15,2025-01-01,3.4837494,105.71919059753418,122.7558250427246,35.23973019917806,20.45930417378744,2025-01-01,0.3386560896412008,0.3386560896412008,0.4003753936919011,0.324654421192294,-0.0250752719621827
2025-02-01,Feb 2025,Tharaka Nithi,3,8900,178000,0.05,2025-01-01,7.965274,169.84541034698486,193.7361272573471,56.615136782328285,32.28935454289118,2025-01-01,0.5060792994193144,0.5060792994193144,0.5699839097716582,0.4642205224392678,-0.0333900419563836
2025-02-01,Feb 2025,Turkana,4,306900,1023000,0.3,2025-01-01,1.9158734,26.133614420890808,64.91771924495697,8.711204806963602,10.819619874159494,2025-01-01,0.2487859578051441,0.2487859578051441,0.2786546293443972,0.2959695610116511,0.0204466700493212
2025-02-01,Feb 2025,Wajir,4,174200,871000,0.2,2025-01-01,1.2413232,59.792779207229614,73.68592643737793,19.93092640240987,12.280987739562988,2025-01-01,0.264698806391926,0.264698806391926,0.3165562931238962,0.2878513977099338,-0.030973098013956
2025-02-01,Feb 2025,West Pokot,3,33800,676000,0.05,2025-01-01,6.2310166,47.40051054954529,190.89160323143005,15.800170183181764,31.815267205238342,2025-01-01,0.4522328802752102,0.4522328802752102,0.5215124286390898,0.568583559026625,0.0071653977359308
2025-07-01,Jul 2025,Baringo,4,109950,733000,0.15,2025-06-01,41.093628,166.24953842163086,243.718819141388,55.41651280721029,40.61980319023132,2025-06-01,0.5816470073569558,0.5816470073569558,0.6222665611750401,0.5434970785024132,0.0148886257879838
2025-07-01,Jul 2025,Embu,3,14050,281000,0.05,2025-06-01,5.6583576,155.14020347595215,249.04754042625427,51.71340115865072,41.50792340437571,2025-06-01,0.762843498559761,0.762843498559761,0.7865180559201873,0.7638642747982907,0.0259616386323298
2025-07-01,Jul 2025,Garissa,3,139050,927000,0.15,2025-06-01,21.80736,80.80472373962402,114.88269639015198,26.934907913208008,19.14711606502533,2025-06-01,0.2782651367714356,0.2782651367714356,0.3388760188745849,0.3212383555593024,0.0191556531624843
2025-07-01,Jul 2025,Isiolo,3,31600,316000,0.1,2025-06-01,0.3121754,46.67704880237579,80.33320021629333,15.559016267458595,13.388866702715555,2025-06-01,0.2779494405121304,0.2779494405121304,0.3831181049129705,0.3178218446660569,0.0287845889601235
2025-07-01,Jul 2025,Kajiado,3,63400,1268000,0.05,2025-06-01,3.2720149,89.8738272190094,208.0193703174591,29.957942406336468,34.66989505290985,2025-06-01,0.4562273572114855,0.4562273572114855,0.5328299949257568,0.4943290066368349,0.0465087711565911
2025-07-01,Jul 2025,Kilifi,3,78850,1577000,0.05,2025-06-01,49.097485,183.82846069335932,225.08829760551453,61.276153564453125,37.51471626758576,2025-06-01,0.6015229698835374,0.6015229698835374,0.6056148991167751,0.5204844742082867,0.1038632151348462
2025-07-01,Jul 2025,Kitui,3,123000,1230000,0.1,2025-06-01,2.3958144,106.07132196426392,197.29573273658752,35.3571073214213,32.88262212276459,2025-06-01,0.4151324192371642,0.4151324192371642,0.5381300863466826,0.503557964937703,0.0275894143368546
2025-07-01,Jul 2025,Kwale,3,94400,944000,0.1,2025-06-01,44.931843,190.90647506713867,241.2629165649414,63.63549168904623,40.2104860941569,2025-06-01,0.6205079403292401,0.6205079403292401,0.623178715085557,0.5550312603847408,0.1322755958019941
2025-07-01,Jul 2025,Laikipia,3,28050,561000,0.05,2025-06-01,23.359152,129.86266136169434,208.0677671432495,43.287553787231445,34.67796119054159,2025-06-01,0.5240914813304799,0.5240914813304799,0.5651795355810743,0.4906969734264231,0.0188055714771752
2025-07-01,Jul 2025,Lamu,3,25050,167000,0.15,2025-06-01,80.970085,199.4520034790039,223.18283879756927,66.48400115966797,37.19713979959488,2025-06-01,0.7564926771548294,0.7564926771548294,0.6973915206081683,0.6255029165304692,0.01786403020463
2025-07-01,Jul 2025,Makueni,3,52100,1042000,0.05,2025-06-01,2.4188223,69.98186492919922,145.8204036951065,23.32728830973308,24.30340061585109,2025-06-01,0.5142356025638826,0.5142356025638826,0.5974283535846167,0.5627065736325622,0.0540631510828136
2025-07-01,Jul 2025,Mandera,4,287700,959000,0.3,2025-06-01,0.97265166,83.92699354887009,112.66898077726364,27.975664516290028,18.77816346287728,2025-06-01,0.2639095016960679,0.2639095016960679,0.323931828888477,0.3020657397167341,-0.0443181214301082
2025-07-01,Jul 2025,Marsabit,3,103000,515000,0.2,2025-06-01,1.2831821,82.32373237609863,123.91783821582794,27.44124412536621,20.652973035971325,2025-06-01,0.2306055909735063,0.2306055909735063,0.3328152040412004,0.2749227579182519,0.0171994847999076
2025-07-01,Jul 2025,Meru,3,79500,795000,0.1,2025-06-01,5.507101,175.69389152526855,269.9334754943848,58.56463050842285,44.98891258239746,2025-06-01,0.5758305606560694,0.5758305606560694,0.6724231292274726,0.6181443051769778,0.0445354922751476
2025-07-01,Jul 2025,Narok,3,64200,1284000,0.05,2025-06-01,28.032444,194.82341384887687,328.0664501190185,64.94113794962566,54.67774168650309,2025-06-01,0.626688667337117,0.626688667337117,0.6651349525322531,0.6441573859921207,0.0189224170102725
2025-07-01,Jul 2025,Nyeri,3,10250,205000,0.05,2025-06-01,29.2378,261.7817077636719,376.9986124038696,87.2605692545573,62.83310206731161,2025-06-01,0.7104526997711139,0.7104526997711139,0.7415105036161403,0.7191717888274147,0.0165094686080071
2025-07-01,Jul 2025,Samburu,3,34800,348000,0.1,2025-06-01,6.758108,93.45615768432616,152.58982372283936,31.15205256144206,25.431637287139893,2025-06-01,0.3941268500438613,0.3941268500438613,0.4859229169126631,0.4228752539087471,0.025693801581003
2025-07-01,Jul 2025,Taita Taveta,2,0,364000,0.0,2025-06-01,8.550977,120.32733631134032,189.9831781387329,40.10911210378011,31.66386302312215,2025-06-01,0.4557454201055331,0.4557454201055331,0.5402300979317619,0.5295569543245374,0.0987971215789155
2025-07-01,Jul 2025,Tana River,3,52950,353000,0.15,2025-06-01,10.9179535,56.54072856903076,99.5583930015564,18.84690952301025,16.5930655002594,2025-06-01,0.3110282442582279,0.3110282442582279,0.3809467229006613,0.3499316308041832,0.0308177185908249
2025-07-01,Jul 2025,Tharaka Nithi,2,0,178000,0.0,2025-06-01,3.7213829,169.9154212474823,247.53051280975345,56.63847374916077,41.25508546829224,2025-06-01,0.4977265014965094,0.4977265014965094,0.608831205807661,0.5154315432625823,0.0457630873347169
2025-07-01,Jul 2025,Turkana,4,204600,1023000,0.2,2025-06-01,6.644493,63.92218017578125,104.6442482471466,21.30739339192708,17.4407080411911,2025-06-01,0.2973250096065816,0.2973250096065816,0.3304253996817778,0.2842017986194419,0.0224977054597169
2025-07-01,Jul 2025,Wajir,4,130650,871000,0.15,2025-06-01,1.3141721,110.7638772726059,154.1844413280487,36.921292424201965,25.69740688800812,2025-06-01,0.2607801293977009,0.2607801293977009,0.3529608559138597,0.3035129379354683,-0.0022831478587646
2025-07-01,Jul 2025,West Pokot,3,33800,676000,0.05,2025-06-01,41.48138,151.83639526367188,221.35590314865112,50.61213175455729,36.89265052477519,2025-06-01,0.6105644109490264,0.6105644109490264,0.6267865395718178,0.5314767064361784,0.0468276019018149
2026-02-01,Feb 2026,Baringo,3,114600,764000,0.15,2026-01-01,3.6746368,46.91360092163086,223.6535987854004,15.637866973876951,37.275599797566734,2026-01-01,0.4754408708655405,0.4754408708655405,0.5289989193055611,0.5674227151681722,0.0209103447567188
2026-02-01,Feb 2026,Embu,3,14800,296000,0.05,2026-01-01,3.2126348,78.61822867393494,159.42176222801208,26.206076224644978,26.57029370466868,2026-01-01,0.7566854989853643,0.7566854989853643,0.778378646443243,0.7383466529048138,-0.012111930194258
2026-02-01,Feb 2026,Garissa,4,242750,971000,0.25,2026-01-01,1.6654311,45.372193455696106,67.61525762081146,15.124064485232037,11.269209603468576,2026-01-01,0.2779898875165383,0.2779898875165383,0.3035571792215104,0.256715026382,-0.0638862530472431
2026-02-01,Feb 2026,Isiolo,3,66000,330000,0.2,2026-01-01,1.4456596,21.78093242645264,37.09471052885056,7.260310808817546,6.182451754808426,2026-01-01,0.2229948652079192,0.2229948652079192,0.2585593291763635,0.2407703855264241,-0.0662296226106969
2026-02-01,Feb 2026,Kajiado,3,66400,1328000,0.05,2026-01-01,3.9547987,67.40237522125244,87.052086353302,22.46745840708415,14.508681058883669,2026-01-01,0.4411260066380552,0.4411260066380552,0.4086467933836011,0.357385511278578,-0.0299050515556419
2026-02-01,Feb 2026,Kilifi,3,245550,1637000,0.15,2026-01-01,3.0039284,36.62488865852356,106.25535893440248,12.208296219507853,17.709226489067078,2026-01-01,0.363452457437786,0.363452457437786,0.462559912574351,0.4325379281245485,-0.1447011654907045
2026-02-01,Feb 2026,Kitui,3,188850,1259000,0.15,2026-01-01,3.009862,102.935528755188,154.5411021709442,34.311842918396,25.75685036182404,2026-01-01,0.5131108357232785,0.5131108357232785,0.5016227520260584,0.4074729360280616,-0.04341896896169
2026-02-01,Feb 2026,Kwale,3,197600,988000,0.2,2026-01-01,2.6501048,35.26978802680969,112.35329365730286,11.756596008936564,18.725548942883808,2026-01-01,0.3930543330346059,0.3930543330346059,0.4449010967693426,0.4146736867813094,-0.1642632425660397
2026-02-01,Feb 2026,Laikipia,3,29150,583000,0.05,2026-01-01,5.7248864,76.52599763870239,221.25210618972773,25.508665879567463,36.8753510316213,2026-01-01,0.4462732626979788,0.4462732626979788,0.4978630521894018,0.5006260700397986,-0.0013926860702643
2026-02-01,Feb 2026,Lamu,3,26400,176000,0.15,2026-01-01,1.7380266,36.58375644683838,74.59390926361084,12.19458548227946,12.432318210601808,2026-01-01,0.5007879196924045,0.5007879196924045,0.5731947608008542,0.5979270422615851,-0.1323699510311812
2026-02-01,Feb 2026,Makueni,3,159750,1065000,0.15,2026-01-01,1.8324468,78.27846693992615,100.29530596733092,26.09282231330872,16.71588432788849,2026-01-01,0.5970265716626284,0.5970265716626284,0.5506378707282913,0.4501407333229548,-0.0309879574660716
2026-02-01,Feb 2026,Mandera,4,503500,1007000,0.5,2026-01-01,0.6448039,12.17549979686737,28.286148488521576,4.058499932289124,4.714358081420262,2026-01-01,0.2512908566788409,0.2512908566788409,0.2808428548051235,0.2745158555691422,-0.0662393297335447
2026-02-01,Feb 2026,Marsabit,4,134750,539000,0.25,2026-01-01,2.0437927,27.41732406616211,68.16161155700684,9.139108022054035,11.360268592834473,2026-01-01,0.2076700431032588,0.2076700431032588,0.201102826997573,0.2008206418239407,-0.0167766226581916
2026-02-01,Feb 2026,Meru,3,198800,994000,0.2,2026-01-01,4.813792,91.0695219039917,178.22345972061157,30.356507301330566,29.70390995343526,2026-01-01,0.5722736007153523,0.5722736007153523,0.5823544069689337,0.525010124376991,-0.0566363255242784
2026-02-01,Feb 2026,Narok,3,67750,1355000,0.05,2026-01-01,10.920747,87.50982761383057,176.5708417892456,29.169942537943523,29.42847363154093,2026-01-01,0.5539687906453137,0.5539687906453137,0.5160424502182986,0.5167635924781923,-0.0395256835380832
2026-02-01,Feb 2026,Nyeri,3,11175,223500,0.05,2026-01-01,10.846783,128.64902114868164,316.91465759277344,42.88300704956055,52.81910959879557,2026-01-01,0.7516581134171523,0.7516581134171523,0.7586057327575598,0.713702468361667,0.0163625773635343
2026-02-01,Feb 2026,Samburu,4,91750,367000,0.25,2026-01-01,2.5427005,42.18987536430359,95.66192650794984,14.063291788101196,15.943654417991638,2026-01-01,0.3397695560515179,0.3397695560515179,0.3762773110736823,0.3782691977796337,-0.033563558759951
2026-02-01,Feb 2026,Taita Taveta,3,18650,373000,0.05,2026-01-01,2.9394364,57.86426591873169,92.1925139427185,19.28808863957723,15.365418990453083,2026-01-01,0.4456555437873676,0.4456555437873676,0.4098816590701967,0.3631663722165132,-0.0722011417417181
2026-02-01,Feb 2026,Tana River,4,185000,370000,0.5,2026-01-01,2.401842,45.46344375610352,81.76073980331421,15.154481252034506,13.626789967219034,2026-01-01,0.2848624821894419,0.2848624821894419,0.3225253257177639,0.2838126434848276,-0.0788688794139417
2026-02-01,Feb 2026,Tharaka Nithi,3,42705,284700,0.15,2026-01-01,3.085699,69.41556167602539,136.02585411071777,23.13852055867513,22.67097568511963,2026-01-01,0.4161150889985468,0.4161150889985468,0.459562592230115,0.3988358574720645,-0.1233542523771512
2026-02-01,Feb 2026,Turkana,4,322200,1074000,0.3,2026-01-01,1.1604667,22.5576856136322,89.10367941856384,7.5192285378774,14.850613236427307,2026-01-01,0.22854881366992,0.22854881366992,0.2581373294060738,0.2794275989878264,0.0002095259140971
2026-02-01,Feb 2026,Wajir,4,274500,915000,0.3,2026-01-01,1.2657111,25.30802655220032,39.691755533218384,8.436008850733439,6.615292588869731,2026-01-01,0.2316305833515931,0.2316305833515931,0.2573312389760246,0.2448419834942105,-0.064041321054289
2026-02-01,Feb 2026,West Pokot,3,70600,706000,0.1,2026-01-01,1.9554592,25.001025795936584,247.3479000329972,8.333675265312195,41.22465000549952,2026-01-01,0.4283915121805414,0.4283915121805414,0.5007167745498354,0.5468047019835688,-0.0166759703587379
