ipc_date,analysis_period,county,actual_high_risk,predicted_high_risk,predicted_risk_probability,predicted_risk_probability_pct,risk_level,phase_3_plus_percentage,max_ipc_phase,mean_rainfall_mm,rainfall_3_month_total,rainfall_6_month_total,mean_ndvi,ndvi_3_month_mean,ndvi_6_month_mean,ndvi_anomaly,final_staple_price_per_kg,final_staple_price_per_kg_3_month_avg,final_staple_price_per_kg_6_month_avg,food_price_source,county_food_price_matched
2019-07-01,Jul 2019,Baringo,0,0,0.02783506,2.783506,Low Risk,0.15,4,72.692665,143.44145393371582,172.7237787246704,0.6454976757401899,0.4696211464481885,0.4247998775337273,0.0787392941712179,97.45,87.31666666666666,94.075,county,1
2019-07-01,Jul 2019,West Pokot,0,0,0.027835594,2.7835596,Low Risk,0.1,3,58.4104,126.0765151977539,157.7164740562439,0.5890028240342242,0.498774491239872,0.4375522623781308,0.0252660149870127,71.96901420217209,68.7939365954059,62.64399343668092,national_proxy,0
2019-07-01,Jul 2019,Wajir,1,1,0.9943949,99.43949,High Risk,0.25,4,1.038808,66.66820824146271,80.15808165073395,0.215382909364348,0.2348280734980886,0.2336285235148307,-0.0476803678921174,71.96901420217209,68.7939365954059,62.64399343668092,national_proxy,0
2019-07-01,Jul 2019,Turkana,1,1,0.94616926,94.61693,High Risk,0.35,4,20.90213,54.85788583755493,75.43404471874237,0.2817235471029254,0.233092833140331,0.2119314843129252,0.0068962429560607,66.7,65.23333333333333,63.75,county,1
2019-07-01,Jul 2019,Tharaka Nithi,1,1,0.9083288,90.83288,High Risk,0.2,3,5.6455364,103.107271194458,131.47455215454102,0.3718218961270487,0.4195648187670185,0.4031672749243065,-0.0801415180347437,71.96901420217209,68.7939365954059,62.64399343668092,national_proxy,0
2019-07-01,Jul 2019,Tana River,1,1,0.97046316,97.04632,High Risk,0.3,4,7.7620854,40.5132269859314,56.832576513290405,0.2355997538841444,0.2537435563688224,0.2599950756254534,-0.0446107717832585,59.3,55.76666666666667,56.05,county,1
2019-07-01,Jul 2019,Taita Taveta,0,0,0.11755497,11.755497,Low Risk,0.1,3,10.589455,105.80095291137695,141.02912712097168,0.3593348785241958,0.3691601154322681,0.3572031374755291,0.0023865799975782,71.96901420217209,68.7939365954059,62.64399343668092,national_proxy,0
2019-07-01,Jul 2019,Nyeri,0,0,0.025300603,2.5300603,Low Risk,0.05,3,51.85834,234.15468215942383,295.9111852645874,0.688366781984847,0.6772861350273479,0.6653951716628295,-0.0055764491782597,71.96901420217209,68.7939365954059,62.64399343668092,national_proxy,0
2019-07-01,Jul 2019,Narok,0,0,0.037807096,3.7807095,Low Risk,0.0,2,55.062008,171.36543655395508,225.57084274291992,0.612662845778438,0.5394344343946557,0.5234354732549813,0.0048965954515934,71.96901420217209,68.7939365954059,62.64399343668092,national_proxy,0
2019-07-01,Jul 2019,Meru,1,1,0.88786954,88.78696,High Risk,0.2,3,11.755141,121.0159101486206,166.22421741485596,0.4646797008074038,0.5042800027470701,0.5092961154448924,-0.0666153675735179,71.96901420217209,68.7939365954059,62.64399343668092,national_proxy,0
2019-07-01,Jul 2019,Marsabit,1,1,0.9628422,96.284225,High Risk,0.35,4,3.5487874,58.880969285964966,81.23758554458618,0.1784048968192423,0.1853337829178755,0.1815353117761251,-0.0350012093543563,46.0,47.66666666666666,47.16666666666666,county,1
2019-07-01,Jul 2019,Samburu,1,1,0.85904187,85.90419,High Risk,0.25,3,16.293228,75.21494579315186,101.10285663604736,0.3716335543533505,0.3460903091325619,0.3225395753633377,0.0032005058904922,71.96901420217209,68.7939365954059,62.64399343668092,national_proxy,0
2019-07-01,Jul 2019,Makueni,1,1,0.8447522,84.47522,High Risk,0.2,3,2.44064,44.70023775100708,58.1629695892334,0.4219743569045712,0.4188504329246541,0.4487165000318244,-0.0381980945764977,71.96901420217209,68.7939365954059,62.64399343668092,national_proxy,0
2019-07-01,Jul 2019,Mandera,1,1,0.9782817,97.82817,High Risk,0.35,4,0.9861694,58.02477031946182,66.79213154315948,0.2211449968201739,0.2710532954649562,0.2675926929679225,-0.0870826263060022,76.9,75.63333333333334,74.31666666666666,county,1
2019-07-01,Jul 2019,Garissa,1,1,0.9400733,94.00733,High Risk,0.35,4,5.417682,55.18519735336304,66.81233882904053,0.2112459665301522,0.2478412718989111,0.247458166291357,-0.0478635170787991,68.0,66.66666666666667,65.83333333333333,county,1
2019-07-01,Jul 2019,Isiolo,1,1,0.99006116,99.00612,High Risk,0.35,4,0.93622947,26.591657876968384,40.062429428100586,0.2070897444040229,0.2233390810679429,0.2207670786300914,-0.0420751071479839,71.96901420217209,68.7939365954059,62.64399343668092,national_proxy,0
2019-07-01,Jul 2019,Kajiado,0,0,0.08093,8.093,Low Risk,0.05,3,6.3915815,62.7168607711792,88.34471988677979,0.3794886351001945,0.389526050192345,0.3664310219809892,-0.0302299509546998,76.7,76.06666666666666,74.03333333333335,county,1
2019-07-01,Jul 2019,Kilifi,0,0,0.013587205,1.3587204,Low Risk,0.15,3,33.56091,202.08238220214844,227.63148260116577,0.5747521795405287,0.5133043477392712,0.471153406337327,0.0770924247918375,83.45,77.05,71.24166666666666,county,1
2019-07-01,Jul 2019,Embu,0,0,0.053930238,5.393024,Low Risk,0.15,3,8.068131,123.94696521759032,156.38812446594238,0.7100590976667112,0.7159389398409904,0.708263198545569,-0.02682276226072,71.96901420217209,68.7939365954059,62.64399343668092,national_proxy,0
2019-07-01,Jul 2019,Kwale,0,0,0.09942254,9.942254,Low Risk,0.15,3,27.190882,221.5327739715576,249.5573830604553,0.4458871628140967,0.4949444513591345,0.4812646398273577,-0.0423451817131492,71.96901420217209,68.7939365954059,62.64399343668092,national_proxy,0
2019-07-01,Jul 2019,Laikipia,0,0,0.023902543,2.3902543,Low Risk,0.1,3,53.306343,131.48522186279297,167.24987316131592,0.5682064838392205,0.42424956210413,0.3832323052017585,0.0629205739859157,71.96901420217209,68.7939365954059,62.64399343668092,national_proxy,0
2019-07-01,Jul 2019,Lamu,1,0,0.4454367,44.543667,Moderate Risk,0.2,3,26.783705,174.98627090454102,188.54597783088684,0.7401429696348764,0.6687885706772869,0.6068834038270546,0.0015143226846769,71.96901420217209,68.7939365954059,62.64399343668092,national_proxy,0
2019-07-01,Jul 2019,Kitui,1,1,0.86331755,86.33176,High Risk,0.2,3,2.934999,65.22308397293091,89.1921181678772,0.3275589317682151,0.342338074418998,0.35622221787402,-0.0599840731320944,65.55,63.18333333333334,57.09166666666666,county,1
2020-02-01,Feb 2020,Marsabit,0,0,0.032808103,3.2808104,Low Risk,0.15,4,11.450822,103.74278354644775,174.06396162509918,0.3310039828676669,0.3544570106832945,0.2626474711026698,0.1065573171062165,69.76394841269841,69.52588326719575,69.65278128674309,national_proxy,0
2020-02-01,Feb 2020,West Pokot,0,0,0.001621929,0.1621929,Low Risk,0.0,2,11.866655,84.0045223236084,250.80475997924805,0.5730148131534539,0.6082550947567983,0.5938446722787505,0.1279473306141745,69.76394841269841,69.52588326719575,69.65278128674309,national_proxy,0
2020-02-01,Feb 2020,Wajir,0,0,0.004567601,0.45676008,Low Risk,0.15,4,6.853437,177.0904097557068,274.23993360996246,0.4317550660646958,0.5380432973388797,0.3849920429994855,0.1360831616588137,69.76394841269841,69.52588326719575,69.65278128674309,national_proxy,0
2020-02-01,Feb 2020,Turkana,0,0,0.078651726,7.8651724,Low Risk,0.15,4,5.7834115,53.6586709022522,92.38968229293825,0.2871458975620553,0.3199278742006955,0.2796413211842999,0.0588066098062323,64.0,64.33333333333333,65.05,county,1
2020-02-01,Feb 2020,Tharaka Nithi,0,0,0.0051189377,0.51189375,Low Risk,0.05,3,33.328873,279.6650161743164,440.04485607147217,0.6499367314254275,0.6567672576625129,0.4861760658867091,0.1104673900497295,69.76394841269841,69.52588326719575,69.65278128674309,national_proxy,0
2020-02-01,Feb 2020,Tana River,0,0,0.011514649,1.1514649,Low Risk,0.15,3,23.50224,202.43957901000977,280.4251685142517,0.486678996313226,0.5066376719328575,0.3773297335653454,0.1229476347098423,69.76394841269841,69.52588326719575,69.65278128674309,national_proxy,0
2020-02-01,Feb 2020,Taita Taveta,0,0,0.004324084,0.43240842,Low Risk,0.05,3,61.320457,288.3701705932617,421.741813659668,0.6355841540263223,0.6441354956529821,0.4969696898423487,0.1177274684972365,69.76394841269841,69.52588326719575,69.65278128674309,national_proxy,0
2020-02-01,Feb 2020,Nyeri,0,0,0.0027937177,0.27937177,Low Risk,0.0,2,55.162937,309.75949478149414,553.6972675323486,0.7675619345548791,0.7652234161086561,0.69845038295144,0.0322663985012611,69.76394841269841,69.52588326719575,69.65278128674309,national_proxy,0
2020-02-01,Feb 2020,Narok,0,0,0.0021868015,0.21868016,Low Risk,0.0,2,80.73269,295.6783752441406,420.1032104492188,0.6934639499586689,0.6344603612004993,0.5450637661845945,0.0999694757752719,69.76394841269841,69.52588326719575,69.65278128674309,national_proxy,0
2020-02-01,Feb 2020,Meru,0,0,0.0019534624,0.19534624,Low Risk,0.05,3,45.020275,362.0334129333496,559.8664441108704,0.6953423186908546,0.7127204854448473,0.5726838587776465,0.0664323924512239,69.76394841269841,69.52588326719575,69.65278128674309,national_proxy,0
2020-02-01,Feb 2020,Mandera,0,0,0.047129758,4.712976,Low Risk,0.15,4,0.91201055,89.69940793514252,170.94097125530243,0.4536184240919677,0.5476347837685368,0.4219121691218923,0.136088237679582,79.0,79.66666666666667,80.96666666666667,county,1
2020-02-01,Feb 2020,Samburu,0,0,0.019036144,1.9036144,Low Risk,0.15,4,15.946117,142.45990753173828,217.7327780723572,0.5128954026207458,0.5161923284648324,0.4120639436242281,0.1395622878092769,69.76394841269841,69.52588326719575,69.65278128674309,national_proxy,0
2020-02-01,Feb 2020,Lamu,0,0,0.0038597137,0.38597137,Low Risk,0.1,3,16.551762,130.1256446838379,220.4194917678833,0.7378029233618514,0.754800613862015,0.7171383387530574,0.1046450526382656,69.76394841269841,69.52588326719575,69.65278128674309,national_proxy,0
2020-02-01,Feb 2020,Embu,0,0,0.0027937177,0.27937177,Low Risk,0.0,2,33.925316,292.22276306152344,456.5557904243469,0.7904041953849305,0.792729948905961,0.7327445283198797,0.0216067662053081,69.76394841269841,69.52588326719575,69.65278128674309,national_proxy,0
2020-02-01,Feb 2020,Garissa,0,0,0.011126733,1.1126733,Low Risk,0.1,3,17.585268,184.00778007507324,256.41132640838623,0.4084119199482812,0.4715100949541088,0.3391183923803182,0.0665357793844997,69.76394841269841,69.52588326719575,69.65278128674309,national_proxy,0
2020-02-01,Feb 2020,Isiolo,0,0,0.017027311,1.7027311,Low Risk,0.15,4,12.530038,107.44653797149658,152.40960657596588,0.414608392586593,0.4571696370686351,0.3283770876260295,0.1253839047679769,69.76394841269841,69.52588326719575,69.65278128674309,national_proxy,0
2020-02-01,Feb 2020,Kajiado,0,0,0.005405059,0.5405059,Low Risk,0.05,3,50.87979,235.79935455322263,284.0801448822021,0.6264514709398151,0.5655551825042683,0.4223408716533639,0.155420412746118,71.5,73.0,72.75,county,1
2020-02-01,Feb 2020,Baringo,0,0,0.0021565598,0.21565598,Low Risk,0.05,3,20.164928,130.41234588623047,296.07316970825195,0.5633973400045097,0.6055779154510484,0.5850731454250568,0.108866813895688,79.15,81.55000000000001,79.48333333333333,county,1
2020-02-01,Feb 2020,Kitui,0,0,0.005108635,0.5108635,Low Risk,0.05,3,35.35431,357.6648254394531,467.8215847015381,0.6991458981903098,0.6327131055815386,0.4700036752131956,0.1426160935053412,57.5,60.98333333333333,63.90833333333334,county,1
2020-02-01,Feb 2020,Kwale,0,0,0.0057786596,0.57786596,Low Risk,0.15,4,40.58203,203.4041519165039,477.6908683776856,0.7360121469184221,0.735012930231325,0.6259517032676502,0.1786945713177764,69.76394841269841,69.52588326719575,69.65278128674309,national_proxy,0
2020-02-01,Feb 2020,Laikipia,0,0,0.001715409,0.1715409,Low Risk,0.05,3,29.32322,196.2429275512696,339.8364315032959,0.5765369475872805,0.598212599104076,0.5401460774001998,0.1288709988190373,69.76394841269841,69.52588326719575,69.65278128674309,national_proxy,0
2020-02-01,Feb 2020,Kilifi,0,0,0.016147599,1.6147599,Low Risk,0.15,4,26.058813,218.4610195159912,436.5419788360596,0.7177454004782113,0.7298434250655902,0.6907265005963928,0.2095917775497208,74.6,76.05,76.53333333333335,county,1
2020-02-01,Feb 2020,Makueni,0,0,0.004956955,0.4956955,Low Risk,0.05,3,36.09556,214.71092987060547,269.7578535079956,0.6949411963543874,0.6534565894202685,0.5047340144904736,0.0669266672256874,69.76394841269841,69.52588326719575,69.65278128674309,national_proxy,0
2020-08-01,Aug 2020,West Pokot,0,0,0.004299786,0.4299786,Low Risk,0.0,2,75.69405,190.2865295410156,373.4214706420898,0.6273798615182063,0.6415852497650942,0.6054075028542757,0.067514805395449,86.73055555555555,82.23421296296296,78.76080621693121,national_proxy,0
2020-08-01,Aug 2020,Marsabit,0,0,0.11970147,11.970147,Low Risk,0.15,3,5.742441,22.72237515449524,165.13475918769836,0.2067126384493996,0.2611047708995549,0.2754411355874799,0.0181372822623454,45.0,46.0,45.66666666666666,county,1
2020-08-01,Aug 2020,Wajir,0,0,0.0117125595,1.171256,Low Risk,0.15,3,4.33127,13.402165055274963,206.89808905124664,0.2580461162318886,0.3092687782423922,0.3113539304155341,0.0278836877677291,86.73055555555555,82.23421296296296,78.76080621693121,national_proxy,0
2020-08-01,Aug 2020,Turkana,0,0,0.010776198,1.0776198,Low Risk,0.1,3,15.615658,51.64647483825684,158.68597650527954,0.3210062738923402,0.3250228339655656,0.3161426636878331,0.0595544319142373,70.0,70.0,67.33333333333333,county,1
2020-08-01,Aug 2020,Tharaka Nithi,0,0,0.005997586,0.5997586,Low Risk,0.0,2,7.1125865,57.71176242828369,325.7168245315552,0.3903615346121493,0.4921692161910647,0.5408083594781399,0.0274077431493336,86.73055555555555,82.23421296296296,78.76080621693121,national_proxy,0
2020-08-01,Aug 2020,Tana River,0,0,0.008023826,0.80238265,Low Risk,0.1,3,15.70364,32.84562969207764,123.48386335372923,0.3030246716041838,0.3499710708714436,0.3926991342952594,0.0460995954958606,66.0,60.0,63.333333333333336,county,1
2020-08-01,Aug 2020,Taita Taveta,0,0,0.0033536095,0.33536094,Low Risk,0.0,2,9.755329,33.06370258331299,246.2675828933716,0.3761263944362487,0.4377645357374116,0.5607908871451409,0.0652405110520908,86.73055555555555,82.23421296296296,78.76080621693121,national_proxy,0
2020-08-01,Aug 2020,Samburu,0,0,0.011072593,1.1072593,Low Risk,0.1,3,10.768847,53.73976993560791,235.7600250244141,0.386033860286315,0.4486578289585878,0.4475512055296073,0.0551319632509795,86.73055555555555,82.23421296296296,78.76080621693121,national_proxy,0
2020-08-01,Aug 2020,Nyeri,0,0,0.011546779,1.154678,Low Risk,0.0,2,23.236055,193.82080268859863,597.6545543670654,0.708988492270371,0.7483564307415714,0.7551933570989533,0.0728422456824711,86.73055555555555,82.23421296296296,78.76080621693121,national_proxy,0
2020-08-01,Aug 2020,Narok,0,0,0.0030235571,0.3023557,Low Risk,0.0,2,16.751587,101.84828186035156,395.0655288696289,0.5816347042302693,0.6446386493896605,0.6693783788357742,0.0498982675880214,86.73055555555555,82.23421296296296,78.76080621693121,national_proxy,0
2020-08-01,Aug 2020,Meru,0,0,0.0024746952,0.24746951,Low Risk,0.0,2,9.212425,65.840256690979,384.4527540206909,0.5102651540223362,0.6023814697852021,0.6359254493156917,0.0559772009540665,86.73055555555555,82.23421296296296,78.76080621693121,national_proxy,0
2020-08-01,Aug 2020,Mandera,0,0,0.0036236355,0.36236355,Low Risk,0.15,4,4.651261,15.556829929351808,128.4381561279297,0.3075953988915338,0.3679980723662274,0.3637899812604856,0.0435121303780186,82.0,81.66666666666667,80.83333333333333,county,1
2020-08-01,Aug 2020,Lamu,0,0,0.006784718,0.6784718,Low Risk,0.05,3,39.84865,169.65276718139648,293.56356060504913,0.7333505441228919,0.7625504363155952,0.7245702416908973,0.0152694993305106,86.73055555555555,82.23421296296296,78.76080621693121,national_proxy,0
2020-08-01,Aug 2020,Laikipia,0,0,0.0019402077,0.19402076,Low Risk,0.0,2,37.527737,148.68258666992188,373.6090145111084,0.5957044914924062,0.6219604134094651,0.570716732862785,0.109642971630093,86.73055555555555,82.23421296296296,78.76080621693121,national_proxy,0
2020-08-01,Aug 2020,Kwale,0,0,0.0032452538,0.3245254,Low Risk,0.05,3,40.178917,159.8009910583496,438.9033117294312,0.6009950737068342,0.6150824471248036,0.6381822252925623,0.1120716125418235,86.73055555555555,82.23421296296296,78.76080621693121,national_proxy,0
2020-08-01,Aug 2020,Kitui,0,0,0.0082569625,0.82569623,Low Risk,0.0,2,9.123494,23.67089295387268,227.99403023719788,0.3963033227915045,0.476178552356933,0.5934800222174271,0.0592962000526958,62.5,64.16666666666667,61.41666666666666,county,1
2020-08-01,Aug 2020,Kilifi,0,0,0.0038126118,0.38126117,Low Risk,0.05,3,50.907055,171.1066932678223,374.0424818992615,0.6669657495912983,0.6599905380883406,0.6316669000680942,0.1202929154383352,74.05000000000001,75.0,74.64166666666667,county,1
2020-08-01,Aug 2020,Kajiado,0,0,0.0061873435,0.61873436,Low Risk,0.0,2,1.2856907,20.591490149497982,215.3569148778916,0.3840049499664221,0.4798511712250106,0.544094885812621,0.0631673643208642,86.73055555555555,82.23421296296296,78.76080621693121,national_proxy,0
2020-08-01,Aug 2020,Isiolo,0,0,0.0750957,7.5095696,Low Risk,0.1,3,0.7762971,5.2785322070121765,103.01693600416183,0.2421734353924964,0.2930706821989997,0.3217173185349862,0.0211291948242942,86.73055555555555,82.23421296296296,78.76080621693121,national_proxy,0
2020-08-01,Aug 2020,Garissa,0,0,0.019725079,1.9725078,Low Risk,0.1,3,23.750137,50.93686199188232,146.16579461097717,0.2317446928006773,0.3035156096859484,0.3289202295879727,0.0094603110235605,68.0,68.0,68.0,county,1
2020-08-01,Aug 2020,Embu,0,0,0.0056198766,0.56198764,Low Risk,0.0,2,8.877775,73.74873447418213,341.4679651260376,0.6801686366586343,0.7514733119364966,0.761915168312535,-0.0053855767823502,86.73055555555555,82.23421296296296,78.76080621693121,national_proxy,0
2020-08-01,Aug 2020,Baringo,0,0,0.0038236536,0.38236535,Low Risk,0.05,3,100.25511,240.15023040771484,433.3938322067261,0.6657452521143867,0.6615768683891218,0.6100977089865464,0.0891085000835878,80.5,86.14999999999999,85.83416666666666,county,1
2020-08-01,Aug 2020,Makueni,0,0,0.002540769,0.2540769,Low Risk,0.0,2,3.4799373,13.00717544555664,144.10975646972656,0.4284939452374487,0.5091015915215559,0.60525482692687,0.0358512985569107,86.73055555555555,82.23421296296296,78.76080621693121,national_proxy,0
2021-02-01,Feb 2021,Narok,0,0,0.00087727094,0.08772709,Low Risk,0.0,2,31.17004,146.83847618103027,250.977767944336,0.6124563371477691,0.581822283044222,0.5501990793485222,0.0189618629643721,80.8221623931624,76.9547816128437,75.93690469531073,national_proxy,0
2021-02-01,Feb 2021,Nyeri,0,0,0.006082441,0.6082441,Low Risk,0.0,2,48.87947,164.3302116394043,317.3883743286133,0.7259513646235648,0.7389584756482382,0.7054181219842749,-0.0093441714300531,83.35,82.40833333333333,82.40833333333333,county,1
2021-02-01,Feb 2021,Samburu,0,0,0.0064083133,0.64083135,Low Risk,0.15,4,7.5118756,48.773043155670166,103.0499415397644,0.3396192907768508,0.3973405986446006,0.3890902602061802,-0.033713824034618,80.8221623931624,76.9547816128437,75.93690469531073,national_proxy,0
2021-02-01,Feb 2021,Taita Taveta,0,0,0.016036136,1.6036136,Low Risk,0.05,3,22.95854,162.54395484924316,197.01413917541504,0.5390034906866558,0.5584770171077332,0.4362877176371546,0.02114680515757,80.8221623931624,76.9547816128437,75.93690469531073,national_proxy,0
2021-02-01,Feb 2021,Meru,0,0,0.0017316013,0.17316014,Low Risk,0.05,3,18.40076,140.1551971435547,214.91509628295896,0.6051265956330301,0.6498540160138657,0.5704152693610202,-0.0237833306066006,80.8221623931624,76.9547816128437,75.93690469531073,national_proxy,0
2021-02-01,Feb 2021,Tharaka Nithi,0,0,0.003387664,0.3387664,Low Risk,0.15,3,10.969319,111.30328845977785,152.36480617523193,0.5285560305057598,0.5718407822011827,0.4647883153841026,-0.0109133108699381,80.8221623931624,76.9547816128437,75.93690469531073,national_proxy,0
2021-02-01,Feb 2021,Turkana,1,1,0.8097853,80.97853,High Risk,0.2,4,2.6523874,26.91578459739685,75.37186121940613,0.2345375366136563,0.275768569392926,0.2950492730828143,0.0061982488578334,86.59088888888887,78.40066666666667,73.03366666666666,county,1
2021-02-01,Feb 2021,Wajir,0,0,0.3096686,30.96686,Low Risk,0.1,4,1.8664397,41.295098185539246,62.63428115844727,0.2613214034985879,0.3466994947059812,0.2896679620667564,-0.0343505009072941,109.72,109.72,109.72,county,1
2021-02-01,Feb 2021,West Pokot,0,0,0.0010290939,0.102909386,Low Risk,0.1,3,8.815003,53.38715934753418,254.8398723602295,0.4586444322610636,0.5350118624069298,0.5876703103638219,0.0135769497217842,70.55,95.275,95.275,county,1
2021-02-01,Feb 2021,Tana River,0,0,0.052809503,5.28095,Low Risk,0.15,4,3.566226,71.85552883148193,92.1875147819519,0.3158950835742248,0.4158326435140035,0.3479798420675608,-0.0478362780291587,80.8221623931624,76.9547816128437,75.93690469531073,national_proxy,0
2021-02-01,Feb 2021,Marsabit,0,0,0.4170707,41.70707,Moderate Risk,0.15,4,3.3086882,36.707486152648926,72.20207214355469,0.1938399288898225,0.2051200569072168,0.1984738834124888,-0.0306067368716279,80.8221623931624,76.9547816128437,75.93690469531073,national_proxy,0
2021-02-01,Feb 2021,Kilifi,0,0,0.011453848,1.1453848,Low Risk,0.1,3,7.2916174,135.79678630828855,194.63126468658447,0.4430252702766991,0.5524748730035836,0.5457079854637297,-0.0651283526517914,80.8221623931624,76.9547816128437,75.93690469531073,national_proxy,0
2021-02-01,Feb 2021,Makueni,0,0,0.012505777,1.2505777,Low Risk,0.05,3,5.782452,102.88642930984496,113.66902661323547,0.6582049844214845,0.6446621274137047,0.4984964366906311,0.0301904552927844,81.46666666666667,67.85833333333333,67.85833333333333,county,1
2021-02-01,Feb 2021,Embu,0,0,0.0046294257,0.46294257,Low Risk,0.0,2,12.597846,119.23083019256592,167.03768634796145,0.7778609047819075,0.7810686326993016,0.7415639501789976,0.0090634756022851,80.8221623931624,76.9547816128437,75.93690469531073,national_proxy,0
2021-02-01,Feb 2021,Garissa,0,0,0.10871977,10.871978,Low Risk,0.15,4,2.1492,44.30285692214966,64.77336430549622,0.3098679555065782,0.3936599926134119,0.3215954006287455,-0.0320081850572032,98.19037037037036,81.26430041152264,75.63215020576132,county,1
2021-02-01,Feb 2021,Isiolo,0,0,0.28611088,28.611088,Low Risk,0.15,4,3.6857092,29.82905220985413,46.165227353572845,0.2368506624283264,0.312677967205592,0.2729695733196329,-0.0523738253902897,87.5,87.5,87.5,county,1
2021-02-01,Feb 2021,Kajiado,0,0,0.0346056,3.46056,Low Risk,0.05,3,18.116121,90.27786254882812,100.92001140117644,0.4419635773291543,0.4230571206571745,0.3700039040143199,-0.0290674808645428,85.3952380952381,81.9123015873016,79.62281746031746,county,1
2021-02-01,Feb 2021,Baringo,0,0,0.028506394,2.8506393,Low Risk,0.1,3,16.134064,73.50382232666016,256.1585922241211,0.4484525784770016,0.5267077469840319,0.5797144455199463,-0.00607794763182,100.0,83.69111111111111,79.76222222222222,county,1
2021-02-01,Feb 2021,Kitui,0,0,0.017913822,1.7913822,Low Risk,0.05,3,6.6453595,151.3740429878235,174.29144763946533,0.515674432903028,0.5956144601926358,0.4652392678085008,-0.0408553717819406,52.5,70.77530864197531,66.63765432098765,county,1
2021-02-01,Feb 2021,Kwale,0,0,0.0017585526,0.17585526,Low Risk,0.1,3,20.544456,155.83433151245117,240.1957950592041,0.5774833438211938,0.643994555291287,0.5594773847358868,0.0201657682205481,80.8221623931624,76.9547816128437,75.93690469531073,national_proxy,0
2021-02-01,Feb 2021,Laikipia,0,0,0.009614251,0.96142507,Low Risk,0.05,3,20.666714,75.1798095703125,202.38197708129883,0.4228093954558588,0.4933410548902722,0.511648158147804,-0.0248565533123843,80.8221623931624,76.9547816128437,75.93690469531073,national_proxy,0
2021-02-01,Feb 2021,Lamu,0,0,0.015291893,1.5291893,Low Risk,0.15,3,2.6676986,44.47699141502381,78.13719439506531,0.5522287615928159,0.6072023408419019,0.6218560830366827,-0.0809291091307699,80.8221623931624,76.9547816128437,75.93690469531073,national_proxy,0
2021-02-01,Feb 2021,Mandera,1,1,0.80027336,80.027336,High Risk,0.2,4,1.0686378,22.54974365234375,45.30333197116852,0.2679477437206137,0.3403802203254439,0.322020469193682,-0.0495824426917719,71.66666666666667,77.4074074074074,80.20370370370371,county,1
2021-07-01,Jul 2021,Marsabit,1,1,0.9710811,97.10811,High Risk,0.35,4,1.5479752,55.87490808963776,77.74545967578888,0.1880977189388825,0.1986610490477326,0.1953620124087531,-0.0253083872347161,80.0,69.0,56.66666666666666,county,1
2021-07-01,Jul 2021,Wajir,1,1,0.9229273,92.29273,High Risk,0.25,4,1.1723642,66.75360774993896,77.30493795871735,0.2321505467371919,0.287266636723294,0.2635245625372149,-0.0309127305192735,82.68201958585244,81.06686839695824,80.74709811304203,national_proxy,0
2021-07-01,Jul 2021,Turkana,1,1,0.9802182,98.02182,High Risk,0.4,4,4.8360434,49.72732448577881,70.94782757759094,0.2640513950640872,0.2703746530206266,0.2424362376558686,-0.0107759090827774,90.84703703703704,86.24462654320989,86.49060339506173,county,1
2021-07-01,Jul 2021,Tharaka Nithi,0,0,0.046739902,4.6739902,Low Risk,0.05,3,1.8810892,152.63341617584229,189.6113419532776,0.4277479005094595,0.5424665027544269,0.4816342968666497,-0.0242155136523329,59.99999999999999,51.911111111111104,45.66222222222222,county,1
2021-07-01,Jul 2021,Tana River,1,1,0.91165775,91.16577,High Risk,0.2,4,7.4158454,36.45727014541626,49.32571935653687,0.2555333126550702,0.2752117366929317,0.2809465119654075,-0.0246772130123327,82.68201958585244,81.06686839695824,80.74709811304203,national_proxy,0
2021-07-01,Jul 2021,Taita Taveta,0,0,0.01295681,1.295681,Low Risk,0.05,3,5.2374244,83.73018980026245,135.54474306106567,0.3213495950896934,0.3917481391915444,0.4273221513761567,-0.0355987034369241,82.68201958585244,81.06686839695824,80.74709811304203,national_proxy,0
2021-07-01,Jul 2021,Samburu,0,0,0.13124934,13.124934,Low Risk,0.15,4,5.553769,67.07653141021729,102.24807024002077,0.3236433580594633,0.3561317037744793,0.3405625972523463,-0.0447896904033949,82.68201958585244,81.06686839695824,80.74709811304203,national_proxy,0
2021-07-01,Jul 2021,Nyeri,0,0,0.005069393,0.5069393,Low Risk,0.05,3,11.621278,215.14762210845947,337.48378467559814,0.6704969677951395,0.692413473611411,0.6979367849834981,-0.0234462633679672,57.225,58.66666666666666,66.46944444444445,county,1
2021-07-01,Jul 2021,Narok,0,0,0.004489107,0.4489107,Low Risk,0.05,3,20.283321,177.38286972045898,288.96369552612305,0.5714166008735513,0.6215374001589832,0.6115747571761253,-0.0363496494532932,82.68201958585244,81.06686839695824,80.74709811304203,national_proxy,0
2021-07-01,Jul 2021,Meru,0,0,0.01117947,1.1179471,Low Risk,0.05,3,2.8676302,159.49935173988342,215.48624730110168,0.4845569601127265,0.535300005505808,0.5403044952489098,-0.0467381082681953,82.68201958585244,81.06686839695824,80.74709811304203,national_proxy,0
2021-07-01,Jul 2021,Mandera,1,1,0.9316871,93.16871,High Risk,0.2,4,1.005475,81.27141284942627,89.31093764305115,0.2825772909368247,0.382238245139088,0.3197986746941151,-0.0256503321893514,103.0,92.55555555555556,83.35802469135803,county,1
2021-07-01,Jul 2021,West Pokot,0,0,0.10280671,10.280671,Low Risk,0.05,3,23.453403,146.0136947631836,178.2998914718628,0.5030773753418748,0.5356463589543935,0.4782046496521817,-0.0606594337053366,71.39444444444445,79.22845679012346,78.7170061728395,county,1
2021-07-01,Jul 2021,Lamu,0,0,0.020832762,2.0832763,Low Risk,0.1,3,40.175186,90.16004180908205,101.2624683380127,0.6566773671391576,0.5883459365183369,0.5452472240293401,-0.0819512798110417,82.68201958585244,81.06686839695824,80.74709811304203,national_proxy,0
2021-07-01,Jul 2021,Baringo,1,1,0.81601745,81.601746,High Risk,0.2,4,29.043015,160.89259338378906,203.7890567779541,0.4882197378848281,0.509507781233361,0.4606469271845985,-0.0785386436841438,76.1111111111111,77.17407407407407,80.73755144032921,county,1
2021-07-01,Jul 2021,Embu,0,0,0.051159788,5.1159787,Low Risk,0.1,3,2.7308848,163.76116585731506,212.00760197639465,0.6983787122810886,0.7509124359616338,0.7441829699475861,-0.0385031476463425,82.68201958585244,81.06686839695824,80.74709811304203,national_proxy,0
2021-07-01,Jul 2021,Garissa,1,1,0.98210263,98.210266,High Risk,0.2,4,7.7101912,43.10900259017944,52.91495013237,0.2394552037463422,0.2458392157892304,0.2568061768476409,-0.0196542798626091,78.2955,79.27609259259259,82.68734082892418,county,1
2021-07-01,Jul 2021,Isiolo,1,1,0.97991645,97.991646,High Risk,0.4,4,0.21956387,23.62158051133156,37.11994233727455,0.2034783741870469,0.2283491214609992,0.2241642056762021,-0.0456864773649599,91.66666666666669,90.83333333333331,90.83333333333331,county,1
2021-07-01,Jul 2021,Makueni,0,0,0.21304387,21.304386,Low Risk,0.1,3,1.3389118,56.70486903190613,86.08371567726135,0.392604380076289,0.464210691609279,0.5162204477483553,-0.0675680714047798,82.68201958585244,81.06686839695824,80.74709811304203,national_proxy,0
2021-07-01,Jul 2021,Kilifi,0,0,0.0111227995,1.1122799,Low Risk,0.1,3,31.775717,118.9830150604248,140.53124570846558,0.4218542525837935,0.4333387047175132,0.4213576617905212,-0.0758055021648976,82.68201958585244,81.06686839695824,80.74709811304203,national_proxy,0
2021-07-01,Jul 2021,Kitui,0,0,0.056263506,5.6263504,Low Risk,0.1,3,1.5789114,94.87356054782867,122.29657757282256,0.3286624997221624,0.4011472746572633,0.4215075293200836,-0.0588805051781471,82.22222222222223,66.1574074074074,70.46635802469136,county,1
2021-07-01,Jul 2021,Kwale,0,0,0.09265815,9.265815,Low Risk,0.1,3,25.873672,152.5838623046875,195.45623016357425,0.4065206022528064,0.5033286724311686,0.4996729724286495,-0.0817117422744395,82.68201958585244,81.06686839695824,80.74709811304203,national_proxy,0
2021-07-01,Jul 2021,Laikipia,0,0,0.02330767,2.330767,Low Risk,0.05,3,10.902432,115.15457248687744,177.99350452423096,0.4090901691651151,0.4283678282214009,0.4103471439245509,-0.0961957406881895,82.68201958585244,81.06686839695824,80.74709811304203,national_proxy,0
2021-07-01,Jul 2021,Kajiado,0,0,0.028752822,2.8752823,Low Risk,0.05,3,1.6658367,88.11810719966888,143.6340116262436,0.4035496103026278,0.4452589439386488,0.4567450290489133,-0.0061689757522664,87.06666666666666,79.63494268077602,81.76923500881834,county,1
2022-02-01,Feb 2022,Marsabit,1,1,0.9717386,97.17386,High Risk,0.5,4,10.090366,40.0427885055542,54.89344787597656,0.1806651128930227,0.1725272716848983,0.1679297415058726,-0.0437815528684276,124.285,147.81666666666666,108.40833333333336,county,1
2022-02-01,Feb 2022,Wajir,1,1,0.9775303,97.75303,High Risk,0.35,4,4.496208,82.90527153015137,95.16368293762208,0.2568084327599517,0.2486312624722659,0.2307231213485074,-0.0388634716459304,102.22333333333334,104.63,104.44,county,1
2022-02-01,Feb 2022,Turkana,1,1,0.9591682,95.91682,High Risk,0.4,4,4.7297897,14.597306489944458,34.66962552070618,0.2051294232873221,0.2112138348307456,0.2317852311221191,-0.0232098644685007,89.2,87.3553549382716,84.94850022045854,county,1
2022-02-01,Feb 2022,Tharaka Nithi,0,0,0.02537097,2.537097,Low Risk,0.1,3,10.395943,147.47325897216797,178.77553367614746,0.6255748563245375,0.5816942346740502,0.4458229318128324,0.0861055149488394,51.5625,53.36898148148149,54.00115740740741,county,1
2022-02-01,Feb 2022,Tana River,1,1,0.8766618,87.666176,High Risk,0.25,4,3.8577142,113.16236925125122,130.1471128463745,0.4517965647167057,0.3801251821916571,0.3029140452134686,0.0880652031133221,84.7556521417314,83.94104984151419,82.96849501680494,national_proxy,0
2022-02-01,Feb 2022,Taita Taveta,0,0,0.070690975,7.0690975,Low Risk,0.1,3,10.65232,138.04913997650146,166.44999408721924,0.5452151873861159,0.4481731862023343,0.3598217281964705,0.0273585018570301,84.7556521417314,83.94104984151419,82.96849501680494,national_proxy,0
2022-02-01,Feb 2022,Samburu,1,1,0.8191354,81.91354,High Risk,0.35,4,8.7203455,60.65451717376709,89.062979221344,0.3130673594089576,0.3209488976718254,0.3186016433209021,-0.0602657554025113,84.7556521417314,83.94104984151419,82.96849501680494,national_proxy,0
2022-02-01,Feb 2022,Nyeri,0,0,0.018222455,1.8222455,Low Risk,0.1,3,22.301687,136.39650917053223,237.54193878173828,0.7291113880729737,0.7134338220987271,0.6681009441670098,-0.0061841479806442,81.68333333333334,59.09444444444444,55.69583333333333,county,1
2022-02-01,Feb 2022,Narok,0,0,0.03373319,3.373319,Low Risk,0.05,3,50.978107,127.41297912597656,220.08692932128903,0.4560757259500341,0.4527703219673454,0.4603881227557097,-0.1374187482333628,84.7556521417314,83.94104984151419,82.96849501680494,national_proxy,0
2022-02-01,Feb 2022,Meru,1,1,0.5399167,53.99167,Moderate Risk,0.2,4,17.469297,169.6279582977295,213.70919561386108,0.6611848810931257,0.6174614615184911,0.5233174469553307,0.0322749548534949,84.7556521417314,83.94104984151419,82.96849501680494,national_proxy,0
2022-02-01,Feb 2022,West Pokot,0,0,0.026740773,2.6740773,Low Risk,0.05,3,9.781302,22.70556735992432,126.55312061309814,0.4060662224993525,0.4516232803289225,0.5175889116909235,-0.0390012600399268,74.31611111111111,72.82430041152263,73.66482510288067,county,1
2022-02-01,Feb 2022,Mandera,1,1,0.8983934,89.83934,High Risk,0.35,4,0.9084579,34.226715207099915,46.69629693031311,0.2735596674474706,0.2912895818813171,0.2702066876232846,-0.0439705189649149,88.86111111111113,86.1388888888889,83.34722222222223,county,1
2022-02-01,Feb 2022,Lamu,0,0,0.041150134,4.1150136,Low Risk,0.15,4,2.6896691,86.96830129623413,108.52605056762695,0.6868183208542004,0.5791995977774284,0.5666054746720124,0.0536604501306146,84.7556521417314,83.94104984151419,82.96849501680494,national_proxy,0
2022-02-01,Feb 2022,Laikipia,0,0,0.07690537,7.690537,Low Risk,0.1,3,15.399285,78.76284694671631,165.16223812103271,0.3929449925530613,0.4046489785546323,0.4169165373960208,-0.0547209562151818,84.7556521417314,83.94104984151419,82.96849501680494,national_proxy,0
2022-02-01,Feb 2022,Kwale,0,0,0.03522259,3.522259,Low Risk,0.15,3,10.014473,117.33293342590332,193.4373378753662,0.5099129073972649,0.4275434981840098,0.3847291156608888,-0.0474046682033807,84.7556521417314,83.94104984151419,82.96849501680494,national_proxy,0
2022-02-01,Feb 2022,Kitui,1,1,0.8537869,85.378685,High Risk,0.2,4,7.202064,185.53716611862183,206.6057360172272,0.6812747806675511,0.5284083043359399,0.4080109003058688,0.1247449759825825,84.7556521417314,83.94104984151419,82.96849501680494,national_proxy,0
2022-02-01,Feb 2022,Kilifi,0,0,0.03479463,3.4794629,Low Risk,0.15,3,5.2924767,134.4795799255371,194.361291885376,0.5251976305082809,0.4730157464257009,0.4588967245179709,0.0170440075797904,84.7556521417314,83.94104984151419,82.96849501680494,national_proxy,0
2022-02-01,Feb 2022,Kajiado,0,0,0.22069597,22.069597,Low Risk,0.1,3,14.930079,94.81110286712646,104.29874849319458,0.4018693878362823,0.3777083601121629,0.3269374723835208,-0.0691616703574148,87.93888888888888,84.55358024691357,85.7533987654321,county,1
2022-02-01,Feb 2022,Isiolo,1,1,0.9817768,98.17768,High Risk,0.3,4,5.265276,56.32427597045898,63.43551859259605,0.2836192654855329,0.2289386461322778,0.2083471575980638,-0.0056052223330831,84.7556521417314,83.94104984151419,82.96849501680494,national_proxy,0
2022-02-01,Feb 2022,Garissa,1,1,0.86780816,86.780815,High Risk,0.25,4,3.2852528,94.48952412605286,107.39158272743224,0.3976009457174713,0.3422538146827525,0.279204490814666,0.0557248051536898,86.32000000000001,83.98240740740741,82.4750968547913,county,1
2022-02-01,Feb 2022,Embu,0,0,0.026060686,2.6060686,Low Risk,0.05,3,10.219012,135.41112804412842,170.16510152816772,0.7702618523687625,0.7608682837771129,0.7101437659982679,0.0014644231891401,84.7556521417314,83.94104984151419,82.96849501680494,national_proxy,0
2022-02-01,Feb 2022,Baringo,1,1,0.7519911,75.19911,High Risk,0.35,4,15.554098,44.01299285888672,164.76743698120117,0.376322708120111,0.4119605890986793,0.4819437411169067,-0.0782078179887106,78.54166666666667,77.62137860082304,76.4293621399177,county,1
2022-02-01,Feb 2022,Makueni,0,0,0.035118233,3.5118234,Low Risk,0.1,3,5.2226214,108.257670879364,118.9333245754242,0.6692293493525787,0.5603225755921736,0.4407203582966607,0.0412148202238786,37.0,46.25,52.17619047619048,county,1
2022-07-01,Jul 2022,Meru,1,1,0.7556172,75.56172,High Risk,0.2,3,3.2767591,87.93089580535889,132.20772647857666,0.425306524297615,0.495943015917653,0.5264468990964302,-0.1059885440833067,109.0716453810132,103.05621294534374,93.9853852595902,national_proxy,0
2022-07-01,Jul 2022,Narok,0,0,0.010890615,1.0890615,Low Risk,0.05,3,23.733849,161.8576698303223,327.40891456604004,0.5504237816483556,0.5814249760740268,0.5672518736444968,-0.0573424686784889,109.0716453810132,103.05621294534374,93.9853852595902,national_proxy,0
2022-07-01,Jul 2022,Nyeri,0,0,0.029967366,2.9967365,Low Risk,0.15,3,14.220905,158.39290237426758,234.0019264221192,0.6093092656900342,0.6502712698847474,0.6622405298356835,-0.0846339654730725,109.0716453810132,103.05621294534374,93.9853852595902,national_proxy,0
2022-07-01,Jul 2022,Samburu,1,1,0.8851135,88.511345,High Risk,0.45,4,4.9183483,69.15926265716553,99.09800243377686,0.2989091235227418,0.3233234118749536,0.3028445884917086,-0.0695239249401164,109.0716453810132,103.05621294534374,93.9853852595902,national_proxy,0
2022-07-01,Jul 2022,Marsabit,1,1,0.991447,99.1447,High Risk,0.45,4,1.7075921,65.272252202034,91.37225258350372,0.1637282185450223,0.1816501938432696,0.1771332096423301,-0.0496778876285763,109.0716453810132,103.05621294534374,93.9853852595902,national_proxy,0
2022-07-01,Jul 2022,Tana River,1,1,0.95777345,95.77734,High Risk,0.3,4,7.328095,35.514103412628174,49.343358278274536,0.2459117999186671,0.2645824907815535,0.3053484267902423,-0.0342987257487358,109.0716453810132,103.05621294534374,93.9853852595902,national_proxy,0
2022-07-01,Jul 2022,Tharaka Nithi,1,1,0.9013694,90.13694,High Risk,0.2,3,2.099405,98.6845805644989,127.94121384620668,0.3937022560656085,0.4874073246542149,0.4868852862826051,-0.0582611580961839,111.66666666666666,94.0287037037037,72.8738425925926,county,1
2022-07-01,Jul 2022,Turkana,1,1,0.9873352,98.73352,High Risk,0.5,4,4.9463964,48.93043375015259,69.57798528671265,0.2483050094161673,0.25998309043652,0.2266113698430785,-0.0265222947306973,109.0716453810132,103.05621294534374,93.9853852595902,national_proxy,0
2022-07-01,Jul 2022,Wajir,1,1,0.9964175,99.641754,High Risk,0.45,4,1.1341031,73.16872334480286,87.54894280433655,0.2349495281360753,0.2488095909953966,0.2370374751764647,-0.0281137491203901,109.0716453810132,103.05621294534374,93.9853852595902,national_proxy,0
2022-07-01,Jul 2022,Taita Taveta,0,0,0.14278613,14.278613,Low Risk,0.1,3,9.591072,76.43888187408447,120.59511947631836,0.2875156788195366,0.3189675493597564,0.3808437992775454,-0.0694326197070809,109.0716453810132,103.05621294534374,93.9853852595902,national_proxy,0
2022-07-01,Jul 2022,Mandera,1,1,0.956551,95.6551,High Risk,0.45,4,1.1229537,63.94842743873596,73.68730425834656,0.2659747269768817,0.3091256348672993,0.2784711525549085,-0.0422528961492945,105.55555555555554,110.49888888888889,97.1637962962963,county,1
2022-07-01,Jul 2022,West Pokot,0,0,0.08175728,8.175728,Low Risk,0.05,3,16.856579,107.53176879882812,141.6708002090454,0.5492914643438396,0.5202559196401402,0.4501453567571858,-0.0144453447033718,94.91574074074072,97.34922839506171,85.42070216049382,county,1
2022-07-01,Jul 2022,Lamu,0,0,0.048792318,4.879232,Low Risk,0.1,3,36.456547,168.42084884643555,177.50080347061157,0.7677671588404331,0.6407156103978999,0.6017895357478643,0.0291385118902337,109.0716453810132,103.05621294534374,93.9853852595902,national_proxy,0
2022-07-01,Jul 2022,Baringo,1,1,0.7575353,75.753525,High Risk,0.4,4,26.969236,121.41701316833496,168.29867935180664,0.505935152159115,0.5254178010247637,0.4412619605626832,-0.0608232294098569,89.02777777777779,81.64691358024692,79.63414609053498,county,1
2022-07-01,Jul 2022,Embu,0,0,0.05080946,5.080946,Low Risk,0.15,4,3.1022995,103.19840025901794,137.0352079868317,0.7343534342253,0.7521467543852135,0.731424213795061,-0.0025284257021311,109.0716453810132,103.05621294534374,93.9853852595902,national_proxy,0
2022-07-01,Jul 2022,Garissa,1,1,0.9787891,97.87891,High Risk,0.45,4,7.0958076,49.33372259140015,59.93832015991211,0.2179269122977941,0.2298907260575973,0.2670211864724889,-0.0411825713111572,115.20851851851852,106.87988971193415,97.24790781893005,county,1
2022-07-01,Jul 2022,Isiolo,1,1,0.9895806,98.95805,High Risk,0.5,4,0.22437146,28.29123643040657,41.336252719163895,0.1944816452075146,0.2144630662413996,0.2238914882835362,-0.0546832063444922,109.0716453810132,103.05621294534374,93.9853852595902,national_proxy,0
2022-07-01,Jul 2022,Makueni,1,1,0.91494536,91.49454,High Risk,0.2,4,1.76589,44.72942912578583,68.96636998653412,0.3949491182383924,0.4408798436626899,0.4834772566196821,-0.0652233332426764,66.5,63.27777777777777,50.97222222222222,county,1
2022-07-01,Jul 2022,Kilifi,0,0,0.026589911,2.658991,Low Risk,0.05,3,41.304665,166.9163703918457,189.6363010406494,0.4387599184887207,0.4109350282469866,0.4255143830548201,-0.0588998362599704,109.0716453810132,103.05621294534374,93.9853852595902,national_proxy,0
2022-07-01,Jul 2022,Kitui,1,1,0.8314543,83.14543,High Risk,0.25,4,2.1500456,71.91559720039368,96.77050471305849,0.3412782617669422,0.3846174338233266,0.4398996098727736,-0.0462647431333673,109.0716453810132,103.05621294534374,93.9853852595902,national_proxy,0
2022-07-01,Jul 2022,Kwale,0,0,0.06619998,6.619998,Low Risk,0.1,3,35.696507,166.54067993164062,198.8914451599121,0.3503831225041905,0.3897481931465767,0.4149291260652308,-0.1378492220230554,109.0716453810132,103.05621294534374,93.9853852595902,national_proxy,0
2022-07-01,Jul 2022,Laikipia,1,1,0.8047153,80.47153,High Risk,0.25,4,13.326724,83.99546337127686,128.9173765182495,0.3624332121441292,0.3633619527696095,0.3498183904545951,-0.1428526977091754,109.0716453810132,103.05621294534374,93.9853852595902,national_proxy,0
2022-07-01,Jul 2022,Kajiado,0,0,0.08035712,8.035712,Low Risk,0.05,3,1.714534,57.23132824897766,110.23712277412416,0.3042515862983212,0.3442098960663529,0.3632989111635363,-0.105466999756573,120.61111111111111,106.01901234567902,96.55904320987656,county,1
2023-01-01,Jan 2023,Meru,1,1,0.80982417,80.982414,High Risk,0.2,3,44.232445,183.2960586547852,210.79735469818115,0.6428460635452188,0.5226919538656475,0.4704610925100085,-0.0401032738296823,116.23021604938272,123.14314667842444,118.95420054304353,national_proxy,0
2023-01-01,Jan 2023,West Pokot,0,0,0.08707749,8.707749,Low Risk,0.05,3,10.326863,60.58489894866944,183.28126049041748,0.3995027073017229,0.4146211057152032,0.477029089059243,-0.111321236484851,51.73333333333333,84.80000000000001,83.65440972222223,county,1
2023-01-01,Jan 2023,Wajir,1,1,0.9818812,98.18812,High Risk,0.55,4,16.718422,64.65375328063965,71.62977766990662,0.2320949049606329,0.2134798598033157,0.2074858809394612,-0.1430206324068248,116.23021604938272,123.14314667842444,118.95420054304353,national_proxy,0
2023-01-01,Jan 2023,Turkana,1,1,0.97830087,97.830086,High Risk,0.5,4,10.123238,25.388357639312744,52.34549617767334,0.1974163042277085,0.1903913746762703,0.2160267479880085,-0.0692419419305894,113.86393518518518,96.70375,89.56308201058202,county,1
2023-01-01,Jan 2023,Tharaka Nithi,0,0,0.11252248,11.252249,Low Risk,0.1,3,30.183113,141.66814613342285,158.21314549446106,0.6031010846827857,0.4072305370072444,0.3626637941123898,-0.0247583617009555,116.23021604938272,123.14314667842444,118.95420054304353,national_proxy,0
2023-01-01,Jan 2023,Tana River,1,1,0.9362928,93.62928,High Risk,0.45,4,15.883801,70.87342548370361,89.01775646209717,0.3641339392381051,0.2908079919904306,0.2589388667951404,-0.0724388155567537,116.23021604938272,123.14314667842444,118.95420054304353,national_proxy,0
2023-01-01,Jan 2023,Taita Taveta,0,0,0.1287819,12.87819,Low Risk,0.15,3,38.784527,111.18517208099364,133.317880153656,0.400398595660115,0.2935465122713485,0.2719230152946516,-0.1428801868994116,116.23021604938272,123.14314667842444,118.95420054304353,national_proxy,0
2023-01-01,Jan 2023,Samburu,1,1,0.9360045,93.60045,High Risk,0.45,4,23.929722,64.76433277130127,88.19371795654297,0.3230608557621346,0.2842795653004555,0.2831960572740192,-0.1107269606333313,116.23021604938272,123.14314667842444,118.95420054304353,national_proxy,0
2023-01-01,Jan 2023,Nyeri,0,0,0.0117235,1.1723499,Low Risk,0.15,3,30.182074,179.02609825134277,259.8372135162353,0.7264019313955487,0.647151556661889,0.614487596375131,-0.0298450909352671,133.46666666666667,127.26388888888889,105.58287037037036,county,1
2023-01-01,Jan 2023,Narok,0,0,0.02425586,2.425586,Low Risk,0.1,3,57.17893,152.71164512634277,243.48316764831543,0.5009314042154827,0.4425018347256571,0.4506604381991249,-0.0764554849812402,116.23021604938272,123.14314667842444,118.95420054304353,national_proxy,0
2023-01-01,Jan 2023,Marsabit,1,1,0.9856603,98.56603,High Risk,0.55,4,13.655577,46.828158378601074,54.4012166261673,0.1577722496426333,0.146259969006404,0.1496141745656154,-0.1180419244421876,116.23021604938272,123.14314667842444,118.95420054304353,national_proxy,0
2023-01-01,Jan 2023,Mandera,1,1,0.9765994,97.65994,High Risk,0.55,4,4.667781,40.50712490081787,46.2865344285965,0.2520736084892666,0.2588795636112587,0.2427034545872222,-0.1463021349044015,116.23021604938272,123.14314667842444,118.95420054304353,national_proxy,0
2023-01-01,Jan 2023,Makueni,1,1,0.8940814,89.40814,High Risk,0.2,3,21.96653,71.26595258712769,76.76985383033752,0.6188774988434901,0.3866235105130468,0.3484835251372176,-0.0514197210949294,116.23021604938272,123.14314667842444,118.95420054304353,national_proxy,0
2023-01-01,Jan 2023,Embu,0,0,0.03152647,3.1526468,Low Risk,0.1,3,21.258661,137.32147979736328,160.25464725494385,0.7959598480794835,0.7145235230039324,0.6807730002027427,0.0040105361708275,116.23021604938272,123.14314667842444,118.95420054304353,national_proxy,0
2023-01-01,Jan 2023,Garissa,1,1,0.9209302,92.09302,High Risk,0.55,4,10.753434,69.73566436767578,83.80801224708557,0.364354191667878,0.2657950558481425,0.2303247027163409,-0.067713371446258,107.80361111111112,140.51848765432098,135.38932901234568,county,1
2023-01-01,Jan 2023,Isiolo,1,1,0.9850221,98.50221,High Risk,0.35,4,15.223699,45.41214942932129,47.12020036578178,0.2146031935954777,0.2047644503121315,0.1925653805391537,-0.1364197381744403,116.23021604938272,123.14314667842444,118.95420054304353,national_proxy,0
2023-01-01,Jan 2023,Kajiado,0,0,0.22994135,22.994135,Low Risk,0.15,3,25.611103,74.91079950332642,78.02861404418945,0.3363444903889275,0.2851564119622954,0.2661676970081372,-0.156277460606065,126.31481481481482,128.75524691358024,126.9756450617284,county,1
2023-01-01,Jan 2023,Baringo,1,1,0.734813,73.4813,High Risk,0.3,3,20.157116,85.9594497680664,229.27747917175293,0.3950538962620527,0.4182349277262115,0.4871414738063324,-0.1162697285195785,92.5,84.08333333333333,86.32662037037038,county,1
2023-01-01,Jan 2023,Kitui,1,1,0.66943467,66.94347,High Risk,0.25,4,37.241898,138.52994632720947,152.16168880462646,0.6096446023030754,0.4130542480101122,0.3463292110107251,-0.0288258246162617,116.23021604938272,123.14314667842444,118.95420054304353,national_proxy,0
2023-01-01,Jan 2023,Kwale,0,0,0.014133352,1.4133352,Low Risk,0.1,3,30.516464,111.86135482788086,218.1373882293701,0.4344953130099008,0.3904843396428538,0.3908611124596136,-0.1598059663994468,116.23021604938272,123.14314667842444,118.95420054304353,national_proxy,0
2023-01-01,Jan 2023,Laikipia,0,0,0.054129668,5.4129667,Low Risk,0.15,3,24.726799,98.66897773742676,182.9423675537109,0.4068532523237917,0.3849509864971092,0.3878631233404437,-0.1070501930201767,116.23021604938272,123.14314667842444,118.95420054304353,national_proxy,0
2023-01-01,Jan 2023,Lamu,0,0,0.0381757,3.8175697,Low Risk,0.1,3,8.182904,55.30557346343994,97.62769365310668,0.5645278383464862,0.5442979449525596,0.5929941746091459,-0.0916602372760867,116.23021604938272,123.14314667842444,118.95420054304353,national_proxy,0
2023-01-01,Jan 2023,Kilifi,0,0,0.09068624,9.068624,Low Risk,0.05,3,19.349413,102.83647346496582,198.2177276611328,0.5229129622075604,0.473778410829684,0.4643968801845554,-0.0551778648487466,116.23021604938272,123.14314667842444,118.95420054304353,national_proxy,0
2023-07-01,Jul 2023,Meru,0,0,0.0043096803,0.43096805,Low Risk,0.1,3,9.265021,238.3482542037964,311.2383608818054,0.554755905799476,0.6548709662923183,0.5787578627070377,0.0234608374185542,133.41304336525693,131.0772084119276,126.46895057275896,national_proxy,0
2023-07-01,Jul 2023,West Pokot,0,0,0.025569912,2.556991,Low Risk,0.1,3,27.382711,128.45155906677246,180.4058319330216,0.4721806789980914,0.539776833607012,0.449610263685811,-0.09155613004912,97.80694444444444,111.6200925925926,113.18597222222223,county,1
2023-07-01,Jul 2023,Wajir,1,1,0.9665359,96.653595,High Risk,0.3,4,1.1284164,145.67541825771332,209.58608090877533,0.2900310284734907,0.3821033093797236,0.3004225187400358,0.0269677512170252,133.41304336525693,131.0772084119276,126.46895057275896,national_proxy,0
2023-07-01,Jul 2023,Turkana,1,1,0.9617892,96.17892,High Risk,0.35,4,6.460581,67.83300018310547,106.95456206798552,0.2446495841828415,0.2840422160960575,0.233054524752762,-0.0301777199640231,142.7977777777778,135.13908730158732,128.4661838624339,county,1
2023-07-01,Jul 2023,Tharaka Nithi,0,0,0.027929137,2.7929137,Low Risk,0.05,3,5.689992,197.8713846206665,249.53410840034485,0.4653757811986025,0.5743925208364368,0.4805114714240764,0.01341236703681,133.41304336525693,131.0772084119276,126.46895057275896,national_proxy,0
2023-07-01,Jul 2023,Tana River,1,1,0.9183183,91.831825,High Risk,0.25,4,7.410112,92.48411846160889,121.36783039569856,0.2693879622798441,0.3296078336164877,0.2961360494513894,-0.0108225633875588,133.41304336525693,131.0772084119276,126.46895057275896,national_proxy,0
2023-07-01,Jul 2023,Taita Taveta,0,0,0.24553779,24.55378,Low Risk,0.15,3,13.901965,132.2438554763794,163.5693519115448,0.3062042246937498,0.330218641466025,0.3116355749574914,-0.0507440738328677,133.41304336525693,131.0772084119276,126.46895057275896,national_proxy,0
2023-07-01,Jul 2023,Samburu,1,1,0.7452286,74.52286,High Risk,0.3,4,8.722588,125.87817192077635,180.9908759593964,0.3090749446449424,0.3970572631247719,0.3332761578352397,-0.0593581038179158,133.41304336525693,131.0772084119276,126.46895057275896,national_proxy,0
2023-07-01,Jul 2023,Nyeri,0,0,0.004102391,0.41023913,Low Risk,0.1,3,31.822796,254.67415618896484,342.2698645591736,0.6848599044178635,0.7251263301448744,0.6830236709022527,-0.0090833267452432,77.8,105.93333333333334,119.31111111111112,county,1
2023-07-01,Jul 2023,Narok,0,0,0.002092026,0.20920259,Low Risk,0.05,3,34.020763,167.78712844848633,270.6201663017273,0.5746081452350095,0.6174977844153987,0.5452770702797785,-0.033158105091835,133.41304336525693,131.0772084119276,126.46895057275896,national_proxy,0
2023-07-01,Jul 2023,Marsabit,1,1,0.9194689,91.946884,High Risk,0.4,4,1.6567788,121.55384302139282,184.41209149360657,0.2269742142851065,0.2973239672729006,0.228621218266883,0.0135681081115078,133.41304336525693,131.0772084119276,126.46895057275896,national_proxy,0
2023-07-01,Jul 2023,Mandera,1,1,0.9419579,94.195786,High Risk,0.3,4,0.9470579,72.59546393156052,133.37127619981766,0.3429670840388212,0.4278856270862247,0.339865357745716,0.034739460912645,133.41304336525693,131.0772084119276,126.46895057275896,national_proxy,0
2023-07-01,Jul 2023,Makueni,0,0,0.059947424,5.9947424,Low Risk,0.15,3,2.5919192,62.57114243507385,87.43649303913116,0.4577536296524471,0.5125085793828922,0.4717844784984797,-0.0024188218286217,68.05555555555556,67.68518518518519,65.48148148148148,county,1
2023-07-01,Jul 2023,Embu,0,0,0.039317604,3.9317603,Low Risk,0.05,3,7.9523125,170.84697914123535,221.4986343383789,0.7172292351033541,0.7579295122265618,0.7243049721910308,-0.019652624824077,133.41304336525693,131.0772084119276,126.46895057275896,national_proxy,0
2023-07-01,Jul 2023,Garissa,1,1,0.9121926,91.21926,High Risk,0.35,4,5.3623977,105.21283292770386,133.3983018398285,0.2734919794111944,0.3483949150158718,0.3009889822784757,0.0143824958022431,125.50083333333336,122.65731481481482,120.27216975308644,county,1
2023-07-01,Jul 2023,Isiolo,1,1,0.96985996,96.98599,High Risk,0.25,4,0.5389681,89.20308423042297,123.53361570835114,0.2768093787699082,0.3995928877689207,0.2974608199266828,0.0276445272179013,133.41304336525693,131.0772084119276,126.46895057275896,national_proxy,0
2023-07-01,Jul 2023,Kajiado,0,0,0.25445145,25.445145,Low Risk,0.1,3,2.3638651,71.50434041023254,119.04149866104126,0.3330831538641524,0.4092040950014231,0.3477195653931926,-0.0766354321907419,135.440987654321,133.5340255144033,131.58118456790123,county,1
2023-07-01,Jul 2023,Baringo,0,0,0.032099426,3.2099426,Low Risk,0.15,4,37.14415,149.14724349975586,206.7095301151276,0.4969815425832949,0.5609608368430721,0.4628424752657444,-0.069776838985677,106.39074074074074,112.1922839506173,105.07183641975308,county,1
2023-07-01,Jul 2023,Kitui,0,0,0.07269372,7.269372,Low Risk,0.15,3,3.0462346,145.4739031791687,190.73014783859253,0.4083357144412229,0.4604967677312681,0.4160035992622976,0.0207927095409133,133.41304336525693,131.0772084119276,126.46895057275896,national_proxy,0
2023-07-01,Jul 2023,Kwale,0,0,0.00893331,0.89333105,Low Risk,0.05,3,31.671862,236.05681037902832,274.00581312179565,0.526122940859335,0.498020443089594,0.4271905821786234,0.037890596332089,133.41304336525693,131.0772084119276,126.46895057275896,national_proxy,0
2023-07-01,Jul 2023,Laikipia,0,0,0.00895857,0.895857,Low Risk,0.1,3,30.57742,156.5378303527832,220.5501573085785,0.4336234748273024,0.4922286726722096,0.4003568024292493,-0.0716624350260022,133.41304336525693,131.0772084119276,126.46895057275896,national_proxy,0
2023-07-01,Jul 2023,Lamu,0,0,0.01399257,1.3992571,Low Risk,0.05,3,25.897732,208.62592315673828,230.81690168380737,0.7204077827370003,0.684621801168721,0.604400161806603,-0.018220864213199,133.41304336525693,131.0772084119276,126.46895057275896,national_proxy,0
2023-07-01,Jul 2023,Kilifi,0,0,0.013717828,1.3717828,Low Risk,0.05,3,34.95131,241.68239212036133,275.28463220596313,0.3818218130873715,0.4284657914439418,0.3835490073012584,-0.1158379416613196,133.41304336525693,131.0772084119276,126.46895057275896,national_proxy,0
2024-02-01,Feb 2024,Meru,0,0,0.006925446,0.6925446,Low Risk,0.05,3,26.763397,271.65941619873047,391.2767081260681,0.7065150939175451,0.7320035845157161,0.5825610946154083,0.0776051676779143,128.50069023569023,133.5301332085007,134.3898608717113,national_proxy,0
2024-02-01,Feb 2024,West Pokot,0,0,0.035405044,3.5405045,Low Risk,0.0,2,13.049882,47.189366817474365,157.1427149772644,0.4431630117224406,0.5174931444304897,0.5000036335460594,-0.0019044708168387,128.50069023569023,133.5301332085007,134.3898608717113,national_proxy,0
2024-02-01,Feb 2024,Wajir,1,1,0.849428,84.9428,High Risk,0.2,4,2.0616398,199.44823551177976,282.20086455345154,0.4550341403540585,0.5275954811453923,0.3837664215666314,0.1593622359481764,128.50069023569023,133.5301332085007,134.3898608717113,national_proxy,0
2024-02-01,Feb 2024,Turkana,1,1,0.97080404,97.08041,High Risk,0.3,4,4.9166517,29.96225452423096,56.12959623336792,0.2292463880167634,0.2613970389354725,0.2399892383154962,0.0009071002609405,148.9261111111111,143.49869841269842,143.35164594356263,county,1
2024-02-01,Feb 2024,Tharaka Nithi,0,0,0.0052511166,0.5251117,Low Risk,0.05,3,17.075035,230.9449691772461,307.7154717445373,0.6021447506757536,0.628220946066928,0.4790690082465169,0.0626754093000555,70.0,99.16666666666669,102.93402777777776,county,1
2024-02-01,Feb 2024,Tana River,0,0,0.14438547,14.438547,Low Risk,0.15,3,5.608541,191.35749197006223,228.0886468887329,0.4428368650715586,0.4861316683058261,0.356107017656109,0.079105503468175,128.50069023569023,133.5301332085007,134.3898608717113,national_proxy,0
2024-02-01,Feb 2024,Taita Taveta,0,0,0.044319812,4.431981,Low Risk,0.0,2,18.634443,269.0904140472412,329.1584548950196,0.6463247794060952,0.6096656428856159,0.4325308057208869,0.1284680938770095,128.50069023569023,133.5301332085007,134.3898608717113,national_proxy,0
2024-02-01,Feb 2024,Samburu,0,0,0.098014824,9.801482,Low Risk,0.15,4,12.406804,96.77460765838624,162.95374393463135,0.4649036269575067,0.5088177376114694,0.402021578849084,0.0915705121460377,128.50069023569023,133.5301332085007,134.3898608717113,national_proxy,0
2024-02-01,Feb 2024,Nyeri,0,0,0.00445697,0.44569698,Low Risk,0.05,3,56.631813,237.0661563873291,367.1527938842773,0.7606749456230137,0.7722392421572318,0.7001752811235691,0.0253794095693957,35.56,78.52,101.62944444444445,county,1
2024-02-01,Feb 2024,Narok,0,0,0.005745786,0.5745786,Low Risk,0.05,3,107.58857,261.28222274780273,362.5714492797852,0.6923983320378683,0.629046977773078,0.547680300558118,0.0989038578544713,128.50069023569023,133.5301332085007,134.3898608717113,national_proxy,0
2024-02-01,Feb 2024,Marsabit,1,1,0.8398804,83.98804,High Risk,0.2,4,6.4679303,97.33851861953735,161.03405213356018,0.3085149792483723,0.3819371290597095,0.2824870211430506,0.0840683134869219,128.50069023569023,133.5301332085007,134.3898608717113,national_proxy,0
2024-02-01,Feb 2024,Mandera,1,1,0.7121113,71.21113,High Risk,0.2,4,0.82243603,155.20695823431015,239.49397194385529,0.4635015077436045,0.5607278238525887,0.4329118952045676,0.1459713213312188,128.50069023569023,133.5301332085007,134.3898608717113,national_proxy,0
2024-02-01,Feb 2024,Makueni,0,0,0.18142046,18.142046,Low Risk,0.15,3,19.38775,170.5218048095703,187.1049857139588,0.6943712034045552,0.6778380173749596,0.5053711257360838,0.0663566742758551,30.0,43.66666666666666,55.67592592592592,county,1
2024-02-01,Feb 2024,Embu,0,0,0.011730634,1.1730634,Low Risk,0.05,3,20.463709,227.91265869140625,294.3257579803467,0.76976937526956,0.7962194351942072,0.7728292482432632,0.0009719460899376,128.50069023569023,133.5301332085007,134.3898608717113,national_proxy,0
2024-02-01,Feb 2024,Garissa,1,1,0.7826526,78.26526,High Risk,0.2,3,4.0103025,146.7466917037964,176.26837491989136,0.4613678533809285,0.5111909846606005,0.363013887963357,0.1194917128171471,114.35666666666668,126.60645502645502,125.7842871840094,county,1
2024-02-01,Feb 2024,Isiolo,1,1,0.855918,85.5918,High Risk,0.2,4,5.2169094,88.93281841278076,109.735295265913,0.4561704022152325,0.525162831135405,0.3710744957452703,0.1669459143966163,128.50069023569023,133.5301332085007,134.3898608717113,national_proxy,0
2024-02-01,Feb 2024,Kajiado,0,0,0.108527645,10.852764,Low Risk,0.05,3,51.112194,174.00953674316406,188.8990111351013,0.6206988528063204,0.5889317469822808,0.4261957900566059,0.1496677946126233,128.50069023569023,133.5301332085007,134.3898608717113,national_proxy,0
2024-02-01,Feb 2024,Baringo,0,0,0.032808453,3.2808452,Low Risk,0.1,3,28.33091,81.55722427368164,194.13715744018555,0.4511155476094184,0.5143529081748216,0.4982864386728158,-0.0034149784994032,128.50069023569023,133.5301332085007,134.3898608717113,national_proxy,0
2024-02-01,Feb 2024,Kitui,0,0,0.011937459,1.1937459,Low Risk,0.0,2,12.793272,286.24633979797363,331.7652084827423,0.5978381026945656,0.6445829387537948,0.4762658385812817,0.041308298009597,128.50069023569023,133.5301332085007,134.3898608717113,national_proxy,0
2024-02-01,Feb 2024,Kwale,0,0,0.021368269,2.136827,Low Risk,0.15,4,15.809966,330.4284429550171,447.5132894515991,0.7068949360770446,0.7136321148898523,0.5825618196435962,0.1495773604763989,128.50069023569023,133.5301332085007,134.3898608717113,national_proxy,0
2024-02-01,Feb 2024,Laikipia,0,0,0.008965147,0.89651465,Low Risk,0.1,3,29.864908,135.32533073425293,223.0673084259033,0.540127146841397,0.5946981296810439,0.4822301893290346,0.0924611980731537,128.50069023569023,133.5301332085007,134.3898608717113,national_proxy,0
2024-02-01,Feb 2024,Lamu,0,0,0.0624467,6.24467,Low Risk,0.1,3,3.8889258,189.053407907486,248.51937985420227,0.7753058764748867,0.7661961061386459,0.7015677416023761,0.1421480057513009,128.50069023569023,133.5301332085007,134.3898608717113,national_proxy,0
2024-02-01,Feb 2024,Kilifi,0,0,0.020518726,2.0518725,Low Risk,0.1,3,7.810633,335.46355676651,437.28807497024536,0.6398818341432908,0.6616379492328855,0.5907384655219599,0.1317282112148002,128.50069023569023,133.5301332085007,134.3898608717113,national_proxy,0
2024-07-01,Jul 2024,Meru,0,0,0.0058591496,0.58591497,Low Risk,0.05,3,2.9781914,263.3986167907715,345.0177392959595,0.6253332724154962,0.7032445447332968,0.6695438533669935,0.0940382040345744,105.40140445066918,115.99397160030053,122.0478651628581,national_proxy,0
2024-07-01,Jul 2024,Wajir,0,0,0.025753912,2.575391,Low Risk,0.1,3,1.0969596,142.6407618522644,152.87184929847717,0.3218034981464105,0.4332738584794098,0.3950203636739253,0.058740220889945,105.40140445066918,115.99397160030053,122.0478651628581,national_proxy,0
2024-07-01,Jul 2024,Turkana,0,0,0.18943629,18.943628,Low Risk,0.1917,4,4.801275,90.78332090377808,129.90883111953735,0.2849917663643241,0.3259323028094387,0.2724242994857269,0.0101644622174594,110.90046296296298,120.59361044015031,130.03110958854617,county,1
2024-07-01,Jul 2024,Tharaka Nithi,0,0,0.007020566,0.7020566,Low Risk,0.0,2,2.074976,251.10114860534668,307.916748046875,0.5407076442149457,0.6105090193940752,0.5554822490964199,0.0887442300531532,105.40140445066918,115.99397160030053,122.0478651628581,national_proxy,0
2024-07-01,Jul 2024,Tana River,0,0,0.016049324,1.6049323,Low Risk,0.15,3,7.130876,60.75142526626587,93.3285870552063,0.3240803368979654,0.4012461858977884,0.3867436995266038,0.0438698112305624,105.40140445066918,115.99397160030053,122.0478651628581,national_proxy,0
2024-07-01,Jul 2024,Taita Taveta,0,0,0.010198012,1.0198011,Low Risk,0.0,2,6.718414,74.3348822593689,195.51930570602417,0.3732046294604337,0.504332630035367,0.542363461989349,0.0162563309338161,105.40140445066918,115.99397160030053,122.0478651628581,national_proxy,0
2024-07-01,Jul 2024,West Pokot,0,0,0.011582384,1.1582384,Low Risk,0.0,2,16.684927,174.57985496520996,233.74835681915283,0.589283664604093,0.5956647413081204,0.5165096818946594,0.0255468555568815,105.40140445066918,115.99397160030053,122.0478651628581,national_proxy,0
2024-07-01,Jul 2024,Samburu,0,0,0.014595596,1.4595596,Low Risk,0.1,3,4.8347645,135.56250953674316,182.7445764541626,0.4602450066874788,0.5434556587563798,0.4751707067842418,0.0918119582246205,105.40140445066918,115.99397160030053,122.0478651628581,national_proxy,0
2024-07-01,Jul 2024,Nyeri,0,0,0.0049047377,0.49047378,Low Risk,0.0,2,20.237942,453.7159843444824,583.1642265319824,0.7378322989548584,0.7692245903528875,0.753494520949081,0.0438890677917516,105.40140445066918,115.99397160030053,122.0478651628581,national_proxy,0
2024-07-01,Jul 2024,Narok,0,0,0.0036264083,0.36264083,Low Risk,0.0,2,24.255676,290.0330276489258,491.33708572387695,0.6654753042410816,0.6978024003786919,0.6918381444849295,0.057709053914237,105.40140445066918,115.99397160030053,122.0478651628581,national_proxy,0
2024-07-01,Jul 2024,Marsabit,0,0,0.17874165,17.874165,Low Risk,0.1377,3,1.5060432,140.49819445610046,171.5483067035675,0.2694316858545141,0.3537909182693129,0.3084070132087813,0.0560255796809154,105.40140445066918,115.99397160030053,122.0478651628581,national_proxy,0
2024-07-01,Jul 2024,Kilifi,0,0,0.0040214066,0.40214068,Low Risk,0.05,3,32.962852,151.59297943115234,203.88927555084229,0.4542069397882323,0.5424597553445645,0.5455606171679005,-0.0434528149604588,105.40140445066918,115.99397160030053,122.0478651628581,national_proxy,0
2024-07-01,Jul 2024,Makueni,0,0,0.014240649,1.4240649,Low Risk,0.05,3,2.4105601,120.92355871200562,194.6877970695496,0.5486067472531767,0.630836922406774,0.6309424582724568,0.0884342957721078,42.5,65.27777777777779,61.393518518518526,county,1
2024-07-01,Jul 2024,Baringo,0,0,0.006119779,0.6119779,Low Risk,0.05,3,22.540413,224.39191436767567,295.2691650390625,0.5939742906188871,0.6085370092436441,0.5151743695833364,0.0272159090499151,105.40140445066918,115.99397160030053,122.0478651628581,national_proxy,0
2024-07-01,Jul 2024,Embu,0,0,0.0069588115,0.6958811,Low Risk,0.0,2,3.7335608,284.1206533908844,347.72562623023987,0.7667843012550694,0.7917221073737949,0.7787811587160339,0.0299024413276381,105.40140445066918,115.99397160030053,122.0478651628581,national_proxy,0
2024-07-01,Jul 2024,Garissa,0,0,0.029362228,2.9362228,Low Risk,0.1,3,5.9595113,89.5782380104065,105.72890663146973,0.3255049147998162,0.4191719880282802,0.3922666538868459,0.0663954311908648,105.94166666666666,114.1173086419753,116.24156172839508,county,1
2024-07-01,Jul 2024,Isiolo,0,0,0.061078656,6.107866,Low Risk,0.05,3,0.21248107,70.98481993377209,87.89354614913464,0.3169853291432527,0.424000955690094,0.3924545345867421,0.0678204775912459,105.40140445066918,115.99397160030053,122.0478651628581,national_proxy,0
2024-07-01,Jul 2024,Mandera,0,0,0.07826729,7.8267293,Low Risk,0.1,3,0.9496922,131.08736270666122,139.82749378681183,0.4363069000083643,0.5093365247368332,0.4456247270221844,0.1280792768821881,105.40140445066918,115.99397160030053,122.0478651628581,national_proxy,0
2024-07-01,Jul 2024,Kitui,0,0,0.0065768827,0.65768826,Low Risk,0.0,2,1.913127,166.099196434021,238.56823348999023,0.4445598386408123,0.5684892131645363,0.558694774899256,0.0570168337405027,105.40140445066918,115.99397160030053,122.0478651628581,national_proxy,0
2024-07-01,Jul 2024,Kwale,0,0,0.0025846704,0.25846705,Low Risk,0.05,3,28.444471,131.62308311462402,205.7020807266236,0.5016988247581802,0.5809840915158314,0.6006558882538692,0.0134664802309342,105.40140445066918,115.99397160030053,122.0478651628581,national_proxy,0
2024-07-01,Jul 2024,Laikipia,0,0,0.0036697516,0.36697516,Low Risk,0.05,3,9.828373,199.12028884887687,276.2588520050049,0.6144214739262179,0.6371457863353042,0.5444445134935766,0.1091355640729132,105.40140445066918,115.99397160030053,122.0478651628581,national_proxy,0
2024-07-01,Jul 2024,Lamu,0,0,0.034624577,3.4624577,Low Risk,0.05,3,23.537714,169.7196559906006,190.6887856721878,0.7563859993655581,0.7549342942250021,0.7308045477922054,0.0177573524153586,105.40140445066918,115.99397160030053,122.0478651628581,national_proxy,0
2024-07-01,Jul 2024,Kajiado,0,0,0.0058525926,0.58525926,Low Risk,0.0,2,4.4930015,178.80220556259155,300.9072070121765,0.5273957666095889,0.5942305481747482,0.5795971471699138,0.1176771805546945,105.40140445066918,115.99397160030053,122.0478651628581,national_proxy,0
2025-02-01,Feb 2025,Meru,0,0,0.0076870364,0.76870364,Low Risk,0.15,3,11.572562,193.6604700088501,229.5409109592437,0.6051072675519686,0.6290817231171663,0.5683414691946264,-0.023802658687662,110.12267065527064,105.58161208914542,108.99559927536336,national_proxy,0
2025-02-01,Feb 2025,West Pokot,0,0,0.01876896,1.876896,Low Risk,0.05,3,6.2310166,47.40051054954529,190.89160323143005,0.4522328802752102,0.5215124286390898,0.568583559026625,0.0071653977359308,110.12267065527064,105.58161208914542,108.99559927536336,national_proxy,0
2025-02-01,Feb 2025,Wajir,1,1,0.9536922,95.36922,High Risk,0.2,4,1.2413232,59.792779207229614,73.68592643737793,0.264698806391926,0.3165562931238962,0.2878513977099338,-0.030973098013956,110.12267065527064,105.58161208914542,108.99559927536336,national_proxy,0
2025-02-01,Feb 2025,Turkana,1,1,0.9505867,95.05867,High Risk,0.3,4,1.9158734,26.133614420890808,64.91771924495697,0.2487859578051441,0.2786546293443972,0.2959695610116511,0.0204466700493212,116.60481481481482,108.92073733503618,110.88845214075782,county,1
2025-02-01,Feb 2025,Tharaka Nithi,0,0,0.12210933,12.210933,Low Risk,0.05,3,7.965274,169.84541034698486,193.7361272573471,0.5060792994193144,0.5699839097716582,0.4642205224392678,-0.0333900419563836,110.12267065527064,105.58161208914542,108.99559927536336,national_proxy,0
2025-02-01,Feb 2025,Tana River,0,1,0.68178844,68.17885,High Risk,0.15,3,3.4837494,105.71919059753418,122.7558250427246,0.3386560896412008,0.4003753936919011,0.324654421192294,-0.0250752719621827,110.12267065527064,105.58161208914542,108.99559927536336,national_proxy,0
2025-02-01,Feb 2025,Taita Taveta,0,0,0.21760333,21.760332,Low Risk,0.05,3,22.333595,180.42965698242188,204.513298034668,0.5934711778540924,0.4974300331446617,0.3979388556377823,0.0756144923250067,110.12267065527064,105.58161208914542,108.99559927536336,national_proxy,0
2025-02-01,Feb 2025,Samburu,0,0,0.19108668,19.108667,Low Risk,0.15,3,7.6675663,65.53097724914551,102.16838717460632,0.3726998107885609,0.4267627448770305,0.4148987714088211,-0.000633304022908,110.12267065527064,105.58161208914542,108.99559927536336,national_proxy,0
2025-02-01,Feb 2025,Nyeri,0,0,0.009578063,0.9578063,Low Risk,0.05,3,34.13476,182.83796310424805,281.2504024505615,0.7151013854911591,0.7388337008182461,0.7195724035222936,-0.0201941505624588,110.12267065527064,105.58161208914542,108.99559927536336,national_proxy,0
2025-02-01,Feb 2025,Narok,0,0,0.004503903,0.4503903,Low Risk,0.05,3,52.179092,191.4525413513184,261.1313934326172,0.6450972091078466,0.6192439405328758,0.5746346105433454,0.0516027349244496,110.12267065527064,105.58161208914542,108.99559927536336,national_proxy,0
2025-02-01,Feb 2025,Marsabit,1,1,0.98538613,98.53861,High Risk,0.25,4,2.8105261,50.1971230506897,76.287792801857,0.2238607686538775,0.2678155846593808,0.2369440344772578,-0.0005858971075728,110.12267065527064,105.58161208914542,108.99559927536336,national_proxy,0
2025-02-01,Feb 2025,Mandera,1,1,0.70466834,70.466835,High Risk,0.3,4,0.6704539,30.24270522594452,44.5583643913269,0.2931010470319733,0.3812932173998417,0.3487781130271591,-0.0244291393804123,110.12267065527064,105.58161208914542,108.99559927536336,national_proxy,0
2025-02-01,Feb 2025,Makueni,0,0,0.10648045,10.648045,Low Risk,0.1,3,18.632626,131.61271286010742,138.88548755645752,0.5848630414053472,0.557745156755412,0.4663870920416049,-0.0431514877233528,47.5,44.16666666666666,40.833333333333336,county,1
2025-02-01,Feb 2025,Embu,0,0,0.10594838,10.594838,Low Risk,0.05,3,11.813971,156.38723373413086,184.15185403823853,0.77106200496758,0.7404305920774688,0.7416926651680367,0.0022645757879576,110.12267065527064,105.58161208914542,108.99559927536336,national_proxy,0
2025-02-01,Feb 2025,Garissa,1,1,0.57287055,57.287056,Moderate Risk,0.2,4,1.5318428,90.8881117105484,105.38986265659332,0.3321059332710178,0.3863059345393118,0.3145036649172657,-0.0097702072927636,100.92,101.13245370370367,102.7851898148148,county,1
2025-02-01,Feb 2025,Isiolo,0,1,0.8017597,80.17597,High Risk,0.15,3,1.9653592,45.19259023666382,51.52952405810356,0.2533840626175746,0.2963005193142054,0.2719703942615536,-0.0358404252010414,110.12267065527064,105.58161208914542,108.99559927536336,national_proxy,0
2025-02-01,Feb 2025,Kajiado,0,0,0.03388203,3.388203,Low Risk,0.05,3,31.332243,150.5918788909912,158.4129147529602,0.4899086577413952,0.5078056131181151,0.4219879106699156,0.018877599547698,110.12267065527064,105.58161208914542,108.99559927536336,national_proxy,0
2025-02-01,Feb 2025,Baringo,0,0,0.058463503,5.84635,Low Risk,0.1,3,14.30354,81.24811315536499,195.8572134971619,0.4916339273698215,0.5244253985094405,0.567752786179879,0.0371034012609998,110.12267065527064,105.58161208914542,108.99559927536336,national_proxy,0
2025-02-01,Feb 2025,Kitui,0,0,0.109359734,10.935973,Low Risk,0.05,3,10.195041,195.5600118637085,213.5118792057037,0.5532382005968898,0.561087145311034,0.4400494528814752,-0.0032916040880788,110.12267065527064,105.58161208914542,108.99559927536336,national_proxy,0
2025-02-01,Feb 2025,Kwale,0,0,0.023571502,2.3571503,Low Risk,0.15,3,7.3569403,124.1859884262085,197.59880352020264,0.5829991674302066,0.5518972825481182,0.4789269446164761,0.0256815918295609,110.12267065527064,105.58161208914542,108.99559927536336,national_proxy,0
2025-02-01,Feb 2025,Laikipia,0,0,0.03556487,3.556487,Low Risk,0.05,3,17.582262,87.38795566558838,172.05150318145752,0.4405527336930221,0.5019955227978453,0.5295815192765091,-0.007113215075221,110.12267065527064,105.58161208914542,108.99559927536336,national_proxy,0
2025-02-01,Feb 2025,Lamu,0,0,0.059880566,5.9880567,Low Risk,0.1,3,1.5581509,91.48733866214752,120.89467585086824,0.6211359241916157,0.6258034327158529,0.6201882497314514,-0.01202194653197,110.12267065527064,105.58161208914542,108.99559927536336,national_proxy,0
2025-02-01,Feb 2025,Kilifi,0,0,0.08828225,8.828225,Low Risk,0.1,3,4.5121512,141.03338384628296,198.15837621688843,0.5021745087842735,0.4586285914088833,0.4245854659919921,-0.005979114144217,110.12267065527064,105.58161208914542,108.99559927536336,national_proxy,0
2025-07-01,Jul 2025,Meru,0,0,0.0068835593,0.6883559,Low Risk,0.1,3,5.507101,175.69389152526855,269.9334754943848,0.5758305606560694,0.6724231292274726,0.6181443051769778,0.0445354922751476,110.97457954545456,114.23116334128834,113.47454586479024,national_proxy,0
2025-07-01,Jul 2025,Wajir,0,1,0.71506715,71.506714,High Risk,0.15,4,1.3141721,110.7638772726059,154.1844413280487,0.2607801293977009,0.3529608559138597,0.3035129379354683,-0.0022831478587646,110.97457954545456,114.23116334128834,113.47454586479024,national_proxy,0
2025-07-01,Jul 2025,Turkana,1,1,0.70078737,70.078735,High Risk,0.2,4,6.644493,63.92218017578125,104.6442482471466,0.2973250096065816,0.3304253996817778,0.2842017986194419,0.0224977054597169,118.92633333333332,119.34672334021327,118.57436348564768,county,1
2025-07-01,Jul 2025,Tharaka Nithi,0,0,0.036768977,3.6768978,Low Risk,0.0,2,3.7213829,169.9154212474823,247.53051280975345,0.4977265014965094,0.608831205807661,0.5154315432625823,0.0457630873347169,110.97457954545456,114.23116334128834,113.47454586479024,national_proxy,0
2025-07-01,Jul 2025,Tana River,0,0,0.22630146,22.630146,Low Risk,0.15,3,10.9179535,56.54072856903076,99.5583930015564,0.3110282442582279,0.3809467229006613,0.3499316308041832,0.0308177185908249,110.97457954545456,114.23116334128834,113.47454586479024,national_proxy,0
2025-07-01,Jul 2025,Taita Taveta,0,0,0.030526947,3.0526948,Low Risk,0.0,2,8.550977,120.32733631134032,189.9831781387329,0.4557454201055331,0.5402300979317619,0.5295569543245374,0.0987971215789155,110.97457954545456,114.23116334128834,113.47454586479024,national_proxy,0
2025-07-01,Jul 2025,West Pokot,0,0,0.006621302,0.66213024,Low Risk,0.05,3,41.48138,151.83639526367188,221.35590314865112,0.6105644109490264,0.6267865395718178,0.5314767064361784,0.0468276019018149,110.97457954545456,114.23116334128834,113.47454586479024,national_proxy,0
2025-07-01,Jul 2025,Samburu,0,0,0.055102356,5.510236,Low Risk,0.1,3,6.758108,93.45615768432616,152.58982372283936,0.3941268500438613,0.4859229169126631,0.4228752539087471,0.025693801581003,110.97457954545456,114.23116334128834,113.47454586479024,national_proxy,0
2025-07-01,Jul 2025,Nyeri,0,0,0.0064284313,0.6428431,Low Risk,0.05,3,29.2378,261.7817077636719,376.9986124038696,0.7104526997711139,0.7415105036161403,0.7191717888274147,0.0165094686080071,110.97457954545456,114.23116334128834,113.47454586479024,national_proxy,0
2025-07-01,Jul 2025,Narok,0,0,0.0046794857,0.46794856,Low Risk,0.05,3,28.032444,194.82341384887687,328.0664501190185,0.626688667337117,0.6651349525322531,0.6441573859921207,0.0189224170102725,110.97457954545456,114.23116334128834,113.47454586479024,national_proxy,0
2025-07-01,Jul 2025,Marsabit,1,1,0.87476134,87.476135,High Risk,0.2,3,1.2831821,82.32373237609863,123.91783821582794,0.2306055909735063,0.3328152040412004,0.2749227579182519,0.0171994847999076,110.97457954545456,114.23116334128834,113.47454586479024,national_proxy,0
2025-07-01,Jul 2025,Kilifi,0,0,0.0151474355,1.5147436,Low Risk,0.05,3,49.097485,183.8284606933593,225.08829760551453,0.6015229698835374,0.6056148991167751,0.5204844742082867,0.1038632151348462,110.97457954545456,114.23116334128834,113.47454586479024,national_proxy,0
2025-07-01,Jul 2025,Makueni,0,0,0.014429016,1.4429016,Low Risk,0.05,3,2.4188223,69.98186492919922,145.8204036951065,0.5142356025638826,0.5974283535846167,0.5627065736325622,0.0540631510828136,110.97457954545456,114.23116334128834,113.47454586479024,national_proxy,0
2025-07-01,Jul 2025,Lamu,0,0,0.007985761,0.7985761,Low Risk,0.15,3,80.970085,199.4520034790039,223.18283879756927,0.7564926771548294,0.6973915206081683,0.6255029165304692,0.01786403020463,110.97457954545456,114.23116334128834,113.47454586479024,national_proxy,0
2025-07-01,Jul 2025,Laikipia,0,0,0.027327795,2.7327795,Low Risk,0.05,3,23.359152,129.86266136169434,208.0677671432495,0.5240914813304799,0.5651795355810743,0.4906969734264231,0.0188055714771752,110.97457954545456,114.23116334128834,113.47454586479024,national_proxy,0
2025-07-01,Jul 2025,Kwale,0,0,0.00450193,0.450193,Low Risk,0.1,3,44.931843,190.90647506713867,241.2629165649414,0.6205079403292401,0.623178715085557,0.5550312603847408,0.1322755958019941,110.97457954545456,114.23116334128834,113.47454586479024,national_proxy,0
2025-07-01,Jul 2025,Kitui,0,0,0.037988745,3.7988744,Low Risk,0.1,3,2.3958144,106.07132196426392,197.29573273658752,0.4151324192371642,0.5381300863466826,0.503557964937703,0.0275894143368546,110.97457954545456,114.23116334128834,113.47454586479024,national_proxy,0
2025-07-01,Jul 2025,Kajiado,0,0,0.44036278,44.036278,Moderate Risk,0.05,3,3.2720149,89.8738272190094,208.0193703174591,0.4562273572114855,0.5328299949257568,0.4943290066368349,0.0465087711565911,110.97457954545456,114.23116334128834,113.47454586479024,national_proxy,0
2025-07-01,Jul 2025,Isiolo,0,1,0.7392959,73.92959,High Risk,0.1,3,0.3121754,46.67704880237579,80.33320021629333,0.2779494405121304,0.3831181049129705,0.3178218446660569,0.0287845889601235,110.97457954545456,114.23116334128834,113.47454586479024,national_proxy,0
2025-07-01,Jul 2025,Garissa,0,0,0.37080294,37.080296,Low Risk,0.15,3,21.80736,80.80472373962402,114.88269639015198,0.2782651367714356,0.3388760188745849,0.3212383555593024,0.0191556531624843,105.50222222222222,105.37825925925928,106.52784656084656,county,1
2025-07-01,Jul 2025,Embu,0,0,0.013387287,1.3387287,Low Risk,0.05,3,5.6583576,155.14020347595215,249.04754042625427,0.762843498559761,0.7865180559201873,0.7638642747982907,0.0259616386323298,110.97457954545456,114.23116334128834,113.47454586479024,national_proxy,0
2025-07-01,Jul 2025,Baringo,0,0,0.0017073357,0.17073357,Low Risk,0.15,4,41.093628,166.24953842163086,243.718819141388,0.5816470073569558,0.6222665611750401,0.5434970785024132,0.0148886257879838,110.97457954545456,114.23116334128834,113.47454586479024,national_proxy,0
2025-07-01,Jul 2025,Mandera,1,1,0.9052556,90.52556,High Risk,0.3,4,0.97265166,83.92699354887009,112.66898077726364,0.2639095016960679,0.323931828888477,0.3020657397167341,-0.0443181214301082,110.97457954545456,114.23116334128834,113.47454586479024,national_proxy,0
2026-02-01,Feb 2026,Meru,1,0,0.032820266,3.2820265,Low Risk,0.2,3,4.813792,91.0695219039917,178.22345972061157,0.5722736007153523,0.5823544069689337,0.525010124376991,-0.0566363255242784,99.46892592592592,100.77733267195764,102.3391522303571,national_proxy,0
2026-02-01,Feb 2026,Narok,0,0,0.17481253,17.481253,Low Risk,0.05,3,10.920747,87.50982761383057,176.5708417892456,0.5539687906453137,0.5160424502182986,0.5167635924781923,-0.0395256835380832,99.46892592592592,100.77733267195764,102.3391522303571,national_proxy,0
2026-02-01,Feb 2026,Nyeri,0,0,0.006297331,0.6297331,Low Risk,0.05,3,10.846783,128.64902114868164,316.91465759277344,0.7516581134171523,0.7586057327575598,0.713702468361667,0.0163625773635343,99.46892592592592,100.77733267195764,102.3391522303571,national_proxy,0
2026-02-01,Feb 2026,Turkana,1,1,0.9259338,92.593376,High Risk,0.3,4,1.1604667,22.5576856136322,89.10367941856384,0.22854881366992,0.2581373294060738,0.2794275989878264,0.0002095259140971,99.46892592592592,100.77733267195764,102.3391522303571,national_proxy,0
2026-02-01,Feb 2026,Taita Taveta,0,0,0.1935743,19.35743,Low Risk,0.05,3,2.9394364,57.86426591873169,92.1925139427185,0.4456555437873676,0.4098816590701967,0.3631663722165132,-0.0722011417417181,99.46892592592592,100.77733267195764,102.3391522303571,national_proxy,0
2026-02-01,Feb 2026,Tana River,1,1,0.6716199,67.16199,High Risk,0.5,4,2.401842,45.46344375610352,81.76073980331421,0.2848624821894419,0.3225253257177639,0.2838126434848276,-0.0788688794139417,99.46892592592592,100.77733267195764,102.3391522303571,national_proxy,0
2026-02-01,Feb 2026,Tharaka Nithi,0,0,0.12670836,12.6708355,Low Risk,0.15,3,3.085699,69.41556167602539,136.02585411071777,0.4161150889985468,0.459562592230115,0.3988358574720645,-0.1233542523771512,99.46892592592592,100.77733267195764,102.3391522303571,national_proxy,0
2026-02-01,Feb 2026,Marsabit,1,1,0.94811773,94.811775,High Risk,0.25,4,2.0437927,27.41732406616211,68.16161155700684,0.2076700431032588,0.201102826997573,0.2008206418239407,-0.0167766226581916,99.46892592592592,100.77733267195764,102.3391522303571,national_proxy,0
2026-02-01,Feb 2026,Samburu,1,0,0.03452806,3.4528062,Low Risk,0.25,4,2.5427005,42.18987536430359,95.66192650794984,0.3397695560515179,0.3762773110736823,0.3782691977796337,-0.033563558759951,99.46892592592592,100.77733267195764,102.3391522303571,national_proxy,0
2026-02-01,Feb 2026,Mandera,1,1,0.9687641,96.87641,High Risk,0.5,4,0.6448039,12.17549979686737,28.286148488521576,0.2512908566788409,0.2808428548051235,0.2745158555691422,-0.0662393297335447,99.46892592592592,100.77733267195764,102.3391522303571,national_proxy,0
2026-02-01,Feb 2026,Kilifi,0,0,0.123632975,12.363297,Low Risk,0.15,3,3.0039284,36.62488865852356,106.25535893440248,0.363452457437786,0.462559912574351,0.4325379281245485,-0.1447011654907045,99.46892592592592,100.77733267195764,102.3391522303571,national_proxy,0
2026-02-01,Feb 2026,Lamu,0,0,0.02138192,2.138192,Low Risk,0.15,3,1.7380266,36.58375644683838,74.59390926361084,0.5007879196924045,0.5731947608008542,0.5979270422615851,-0.1323699510311812,99.46892592592592,100.77733267195764,102.3391522303571,national_proxy,0
2026-02-01,Feb 2026,Laikipia,0,0,0.034885414,3.4885414,Low Risk,0.05,3,5.7248864,76.52599763870239,221.25210618972773,0.4462732626979788,0.4978630521894018,0.5006260700397986,-0.0013926860702643,99.46892592592592,100.77733267195764,102.3391522303571,national_proxy,0
2026-02-01,Feb 2026,Kwale,1,0,0.08239536,8.239536,Low Risk,0.2,3,2.6501048,35.26978802680969,112.35329365730286,0.3930543330346059,0.4449010967693426,0.4146736867813094,-0.1642632425660397,99.46892592592592,100.77733267195764,102.3391522303571,national_proxy,0
2026-02-01,Feb 2026,Kitui,0,0,0.122089565,12.208957,Low Risk,0.15,3,3.009862,102.935528755188,154.5411021709442,0.5131108357232785,0.5016227520260584,0.4074729360280616,-0.04341896896169,99.46892592592592,100.77733267195764,102.3391522303571,national_proxy,0
2026-02-01,Feb 2026,Kajiado,0,0,0.20660847,20.660847,Low Risk,0.05,3,3.9547987,67.40237522125244,87.052086353302,0.4411260066380552,0.4086467933836011,0.357385511278578,-0.0299050515556419,99.46892592592592,100.77733267195764,102.3391522303571,national_proxy,0
2026-02-01,Feb 2026,Isiolo,1,1,0.973762,97.3762,High Risk,0.2,3,1.4456596,21.78093242645264,37.09471052885056,0.2229948652079192,0.2585593291763635,0.2407703855264241,-0.0662296226106969,99.46892592592592,100.77733267195764,102.3391522303571,national_proxy,0
2026-02-01,Feb 2026,Garissa,1,1,0.86807454,86.80746,High Risk,0.25,4,1.6654311,45.372193455696106,67.61525762081146,0.2779898875165383,0.3035571792215104,0.256715026382,-0.0638862530472431,97.9772222222222,96.84472222222222,96.37710185185183,county,1
2026-02-01,Feb 2026,Embu,0,0,0.029865438,2.986544,Low Risk,0.05,3,3.2126348,78.61822867393494,159.42176222801208,0.7566854989853643,0.778378646443243,0.7383466529048138,-0.012111930194258,99.46892592592592,100.77733267195764,102.3391522303571,national_proxy,0
2026-02-01,Feb 2026,Baringo,0,0,0.019990677,1.9990677,Low Risk,0.15,3,3.6746368,46.91360092163086,223.6535987854004,0.4754408708655405,0.5289989193055611,0.5674227151681722,0.0209103447567188,99.46892592592592,100.77733267195764,102.3391522303571,national_proxy,0
2026-02-01,Feb 2026,Wajir,1,1,0.9839504,98.395035,High Risk,0.3,4,1.2657111,25.30802655220032,39.691755533218384,0.2316305833515931,0.2573312389760246,0.2448419834942105,-0.064041321054289,99.46892592592592,100.77733267195764,102.3391522303571,national_proxy,0
2026-02-01,Feb 2026,Makueni,0,0,0.07980494,7.980494,Low Risk,0.15,3,1.8324468,78.27846693992615,100.29530596733092,0.5970265716626284,0.5506378707282913,0.4501407333229548,-0.0309879574660716,99.46892592592592,100.77733267195764,102.3391522303571,national_proxy,0
2026-02-01,Feb 2026,West Pokot,0,0,0.0041598156,0.41598156,Low Risk,0.1,3,1.9554592,25.001025795936584,247.3479000329972,0.4283915121805414,0.5007167745498354,0.5468047019835688,-0.0166759703587379,99.46892592592592,100.77733267195764,102.3391522303571,national_proxy,0
