month,national_beans_price_per_kg,national_maize_price_per_kg,national_rice_price_per_kg,national_staple_price_per_kg,national_maize_price_per_kg_3_month_avg,national_maize_price_per_kg_6_month_avg,national_beans_price_per_kg_3_month_avg,national_beans_price_per_kg_6_month_avg,national_rice_price_per_kg_3_month_avg,national_rice_price_per_kg_6_month_avg,national_staple_price_per_kg_3_month_avg,national_staple_price_per_kg_6_month_avg
2006-01-01,38.58765432098765,17.775833333333335,,28.181743827160496,17.775833333333335,17.775833333333335,38.58765432098765,38.58765432098765,,,28.181743827160496,28.181743827160496
2006-02-01,41.25938271604938,18.74101851851852,,30.00020061728395,18.258425925925927,18.258425925925927,39.92351851851852,39.92351851851852,,,29.090972222222224,29.090972222222224
2006-03-01,45.745864197530864,18.266916666666667,,32.00639043209877,18.261256172839506,18.261256172839506,41.864300411522635,41.864300411522635,,,30.062778292181076,30.062778292181076
2006-04-01,46.72481481481481,19.79111111111111,,33.257962962962964,18.933015432098767,18.64371990740741,44.57668724279836,43.07942901234568,,,31.75485133744856,30.861574459876543
2006-05-01,47.07475308641975,20.242858585858585,,33.658805836139166,19.43362878787879,18.963547643097645,46.51514403292182,43.87849382716049,,,32.9743864104003,31.42102073512907
2006-06-01,36.96240740740741,19.836814814814815,,28.399611111111113,19.956928170594836,19.109092171717172,43.58732510288066,42.725812757201645,,,31.77212663673775,30.917452464459412
2006-07-01,34.39320987654321,19.664343434343433,,27.028776655443323,19.914672278338944,19.423843855218852,39.47679012345679,42.02673868312757,,,29.695731200897868,30.725291269173216
2006-08-01,30.96401234567901,18.249259259259258,,24.606635802469135,19.250139169472504,19.341883978675643,34.10654320987654,40.31084362139918,,,26.678341189674523,29.826363800037413
2006-09-01,33.9966049382716,16.669777777777778,,25.333191358024692,18.194460157126823,19.075694163860828,33.117942386831274,38.352633744855964,,,25.656201271979047,28.714163954358398
2006-10-01,34.48425925925926,16.880252525252526,,25.682255892255895,17.26642985409652,18.59055106621773,33.148292181069955,36.31254115226337,,,25.207361017583242,27.451546109240553
2006-11-01,34.60098765432099,17.333030303030302,,25.967008978675644,16.9610202020202,18.105579685746353,34.36061728395062,34.23358024691358,,,25.660818742985413,26.169579966329966
2006-12-01,34.613765432098766,16.797425925925925,,25.705595679012347,17.00356958473625,17.599014870931537,34.56633744855967,33.84213991769548,,,25.78495351664796,25.720577394313505
2007-01-01,35.56395061728395,15.798611111111112,,25.681280864197532,16.643022446689113,16.954726150392815,34.92623456790124,34.0372633744856,,,25.784628507295178,25.495994762439206
2007-02-01,34.10382716049383,15.946398148148148,,25.02511265432099,16.18081172839506,16.570915965207632,34.760514403292184,34.5605658436214,,,25.470663065843624,25.565740904414515
2007-03-01,34.31355555555555,14.674787037037037,,24.494171296296294,15.473265432098765,16.23841750841751,34.660444444444444,34.61339094650206,,,25.066854938271604,25.42590422745978
2007-04-01,35.69728395061728,14.84762962962963,,25.272456790123456,15.15627160493827,15.899647025813692,34.70488888888889,34.81556172839506,,,24.93058024691358,25.357604377104376
2007-05-01,35.44597530864198,16.100313131313133,,25.773144219977553,15.2075765993266,15.69419416386083,35.15227160493827,34.95639300411523,,,25.179924102132432,25.325293583988028
2007-06-01,35.89288888888889,16.15431313131313,,26.02360101010101,15.700751964085299,15.587008698092033,35.67871604938272,35.169580246913576,,,25.68973400673401,25.378294472502805
2007-07-01,37.779345679012344,15.960929292929292,,26.87013748597082,16.07185185185185,15.614061728395063,36.372736625514406,35.53881275720165,,,26.22229423868313,25.576437242798352
2007-08-01,37.61622222222222,16.277464646464647,,26.946843434343435,16.130902356902357,15.669239478114477,37.096152263374485,36.124211934156385,,,26.613527310138423,25.896725706135427
2007-09-01,37.834074074074074,16.018074074074075,,26.926074074074073,16.085489337822676,15.893120650953984,37.743213991769544,36.71096502057613,,,26.91435166479611,26.302042835765054
2007-10-01,37.16658024691358,15.930166666666667,,26.548373456790124,16.075235129068464,16.073543490460157,37.53895884773663,36.955847736625515,,,26.807096988402545,26.514695613542838
2007-11-01,39.52395061728395,16.122464646464646,,27.823207631874297,16.023568462401794,16.077235409652076,38.174868312757205,37.63551028806584,,,27.099218387579498,26.856372848858964
2007-12-01,42.855543209876544,16.96662037037037,,29.911081790123458,16.33975056116723,16.21261994949495,39.848691358024695,38.795952674897116,,,28.094220959595958,27.504286312196033
2008-01-01,44.3875873015873,20.080716049382715,,32.23415167548501,17.723267022072577,16.89925107557052,42.2556937095826,39.89732627865961,,,29.989480365827585,28.39828867711506
2008-02-01,51.51097222222222,18.599393939393938,,35.05518308080808,18.548910119715675,17.286239291058738,46.25136757789536,42.213117945326275,,,32.40013884880551,29.749678618192505
2008-03-01,55.721805555555555,19.193838383838383,,37.457821969696965,19.29131612420501,17.81553334268612,50.5401216931217,45.19440652557319,,,34.915718908663344,31.50496993412965
2008-04-01,58.61326666666666,20.541282051282053,,39.57727435897436,19.444838124838125,18.584052573455352,55.28201481481481,48.76885426219871,,,37.363426469826464,33.67645341782703
2008-05-01,59.083955555555555,25.834518518518518,,42.459237037037035,21.85654631787965,20.202728218797663,57.80634259259259,52.02885508524397,,,39.83144445523612,36.11579165202082
2008-06-01,56.281955555555555,25.437583333333333,,40.859769444444446,23.93779463437797,21.614555379291488,57.99305925925925,54.26659047619048,,,40.96542694681861,37.94057292774098
2008-07-01,54.41488888888889,25.77010185185185,,40.09249537037037,25.680734567901236,22.562786346369677,56.5936,55.937807407407405,,,41.13716728395061,39.25029687688854
2008-08-01,53.43307777777778,26.165213675213675,,39.79914572649573,25.79096628679962,23.823756302339635,54.709974074074076,56.258158333333334,,,40.25047018043685,40.04095731783648
2008-09-01,55.178,26.92454700854701,,41.0512735042735,26.28662084520418,25.112207739791074,54.34198888888889,56.16752407407407,,,40.31430486704653,40.63986590693258
2008-10-01,57.52174444444445,28.58802777777778,,43.05488611111112,27.225929487179485,26.45333202754036,55.3776074074074,55.9856037037037,,,41.30176844729345,41.21946786562203
2008-11-01,55.900333333333336,29.559743589743587,,42.73003846153846,28.357439458689456,27.07420287274454,56.20002592592593,55.45499999999999,,,42.27873269230769,41.26460143637227
2008-12-01,55.089222222222226,29.19810185185185,,42.14366203703704,29.1152910731244,27.70095595916429,56.170433333333335,55.25621111111112,,,42.64286220322887,41.47858353513771
2009-01-01,57.24155555555556,29.532916666666665,,43.38723611111111,29.430254036087366,28.328091761633427,56.07703703703704,55.72732222222223,,,42.7536455365622,42.02770699192782
2009-02-01,58.34988888888889,30.97905982905983,,44.66447435897436,29.903359449192777,29.13039945394112,56.89355555555556,56.54679074074074,,,43.398457502374164,42.838595097340935
2009-03-01,56.98255555555555,32.08711111111111,,44.53483333333333,30.866362535612534,29.990826804368467,57.52466666666667,56.847550000000005,,,44.19551460113959,43.41918840218423
2009-04-01,59.400333333333336,32.21136752136752,,45.80585042735043,31.759179487179484,30.594716761633425,58.24425925925926,57.16064814814815,,,45.00171937321937,43.87768245489079
2009-05-01,59.025333333333336,33.70649572649573,,46.365914529914534,32.668324786324796,31.285842117758786,58.4694074074074,57.681481481481484,,,45.568866096866095,44.48366179962014
2009-06-01,53.01255555555556,33.664722222222224,,43.338638888888894,33.194195156695166,32.03027884615385,57.14607407407408,57.33537037037038,,,45.17013461538462,44.68282460826211
2009-07-01,52.07488888888889,33.66092592592593,,42.867907407407415,33.67738129154797,32.71828038936372,54.70425925925926,56.47425925925926,,,44.19082027540361,44.59626982431149
2009-08-01,51.970333333333336,33.42812962962963,,42.69923148148148,33.5845925925926,33.126458689458694,52.3525925925926,55.411,,,42.96859259259259,44.268729344729344
2009-09-01,57.67033333333334,31.444529914529916,,44.55743162393163,32.844528490028495,33.01936182336183,53.90518518518519,55.525629629629634,,,43.37485683760684,44.27249572649573
2009-10-01,56.51716049382716,31.48848484848485,,44.002822671156004,32.120381464214795,32.89888137788138,55.38594238683128,55.04510082304527,,,43.75316192552304,43.97199110046333
2009-11-01,57.394197530864204,30.315092592592592,,43.8546450617284,31.08270245186912,32.333647522230855,57.193897119341564,54.773244855967086,,,44.13829978560534,43.55344618909897
2009-12-01,56.52766666666666,30.355462962962964,,43.44156481481481,30.719680134680136,31.78210431235431,56.81300823045268,55.35909670781893,,,43.7663441825664,43.57060051008662
2010-01-01,54.20166666666667,30.439694444444445,,42.320680555555555,30.370083333333337,31.245232398774068,56.041176954732514,55.7135596707819,,,43.20563014403292,43.47939603477798
2010-02-01,51.693444444444445,27.901794871794873,,39.79761965811966,29.565650759734098,30.324176605801608,54.14092592592593,55.66741152263375,,,41.853288342830005,42.99579406421768
2010-03-01,53.305588888888884,26.16351851851852,,39.7345537037037,28.168335944919278,29.4440080397997,53.0669,54.939954115226335,,,40.61761797245964,42.19198107751302
2010-04-01,53.04944444444444,24.934871794871796,,38.992158119658114,26.333395061728396,28.351739197530865,52.682825925925926,54.362001440329216,,,39.50811049382716,41.35687031893004
2010-05-01,51.2075,23.499074074074073,,37.353287037037035,24.865821462488128,27.21573611111111,52.52084444444444,53.330885185185174,,,38.69333295346629,40.27331064814815
2010-06-01,48.20955555555555,22.24034188034188,,35.22494871794872,23.558095916429252,25.86321593067427,50.82216666666667,51.94453333333334,,,37.19013129154795,38.9038746320038
2010-07-01,43.03511111111111,21.84138888888889,,32.43825,22.526934947768282,24.430165004748336,47.48405555555556,50.083440740740734,,,35.00549525166192,37.25680287274454
2010-08-01,45.45711111111111,21.6375,,33.54730555555555,21.906410256410258,23.386115859449195,45.56725925925925,49.044051851851854,,,33.73683475783475,36.215083855650526
2010-09-01,52.175185185185185,21.150427350427353,,36.66280626780627,21.543105413105412,22.55060066476733,46.889135802469134,48.855651234567894,,,34.21612060778727,35.703125949667616
2010-10-01,54.33864197530864,21.393796296296298,,37.86621913580247,21.39390788224122,21.96042141500475,50.65697942386831,49.07051748971193,,,36.02544365305476,35.51546945235834
2010-11-01,51.48766666666667,22.196153846153848,,36.84191025641026,21.580125830959165,21.74326804368471,52.66716460905349,49.11721193415638,,,37.12364522000633,35.43023998892054
2010-12-01,52.66711111111111,23.009259259259256,,37.83818518518518,22.199736467236466,21.87142094017094,52.831139917695474,49.86013786008231,,,37.51543819246597,35.86577940012662
2011-01-01,54.28074074074074,24.512777777777774,,39.396759259259255,23.239396961063623,22.31665242165242,52.811839506172845,51.734409465020576,,,38.025618233618225,37.0255309433365
2011-02-01,56.09259259259259,26.041965811965813,,41.0672792022792,24.521334283000943,23.050730056980058,54.34681481481481,53.50698971193416,,,39.43407454890788,38.27885988445711
2011-03-01,61.260333333333335,28.558803418803418,,44.90956837606838,26.371182336182333,24.285459401709403,57.211222222222226,55.021181069958836,,,41.79120227920228,39.65332023583412
2011-04-01,74.26677777777778,34.25333333333333,,54.26005555555555,29.618034188034187,26.428715574548907,63.87323456790123,58.34253703703703,,,46.74563437796771,42.385626305792975
2011-05-01,82.06677777777779,40.33769230769231,,61.20223504273505,34.38327635327635,29.452305318138645,72.5312962962963,63.43905555555555,,,53.45728632478633,46.445680436847105
2011-06-01,78.4748888888889,45.363076923076925,,61.918982905982915,39.984700854700854,33.177941595441595,78.26948148148149,67.74035185185186,,,59.12709116809117,50.45914672364673
2011-07-01,69.52688888888889,51.31666666666666,,60.42177777777778,45.67247863247863,37.64525641025641,76.68951851851853,70.28137654320987,,,61.180998575498585,53.96331647673315
2011-08-01,69.69144444444444,45.31017094017094,,57.50080769230769,47.32997150997151,40.856623931623936,72.56440740740742,72.54785185185186,,,59.94718945868946,56.702237891737894
2011-09-01,69.03833333333333,41.56230769230769,,55.300320512820505,46.06304843304843,43.02387464387464,69.41888888888889,73.84418518518518,,,57.740968660968655,58.43402991452991
2011-10-01,66.9388888888889,39.18638888888889,,53.0626388888889,42.019622507122506,43.846050569800575,68.55622222222222,72.62287037037038,,,55.28792236467236,58.23446047008547
2011-11-01,65.68511111111111,41.224141414141414,,53.45462626262626,40.65761266511266,43.99379208754209,67.22077777777777,69.89259259259259,,,53.93919522144521,56.94319234006735
2011-12-01,66.59477777777778,40.720925925925926,,53.65785185185185,40.377152076318744,43.22010025468359,66.40625925925927,67.91257407407407,,,53.391705667789005,55.56633716437883
2012-01-01,65.32777777777778,41.69461538461538,,53.511196581196586,41.21322757489424,41.61642504100838,65.86922222222222,67.21272222222223,,,53.541224898558234,54.4145736316153
2012-02-01,65.16987654320988,39.1887037037037,,52.179290123456795,40.53474833808167,40.59618050159717,65.69747736625516,66.45912757201647,,,53.116112852168406,53.527654036806815
2012-03-01,68.31086419753086,39.94323232323232,,54.12704826038159,40.275517137183805,40.32633460675127,66.26950617283951,66.33788271604938,,,53.27251165501165,53.332108661400326
2012-04-01,72.43012345679011,41.671919191919194,,57.05102132435465,40.267951739618404,40.74058965725633,68.63695473251029,67.25308847736626,,,54.45245323606434,53.99683906731129
2012-05-01,76.70599999999999,45.76474747474747,,61.235373737373735,42.45996632996633,41.497357334024,72.48232921810698,69.08990329218106,,,57.47114777403666,55.29363031310253
2012-06-01,77.32358024691358,45.45083333333333,,61.38720679012346,44.29583333333333,42.285675235258566,75.48656790123455,70.87803703703703,,,59.89120061728394,56.5818561361478
2012-07-01,67.75283950617285,45.06166666666667,,56.40725308641976,45.425749158249154,42.846850448933786,73.9274732510288,71.28221399176954,,,59.67661120463898,57.06453222035166
2012-08-01,62.047916666666666,44.29175925925926,,53.16983796296296,44.934753086419754,43.69735970819304,69.04144547325103,70.76188734567901,,,56.98809927983539,57.229623526936024
2012-09-01,60.458730158730155,43.871,,52.16486507936508,44.40814197530864,44.351987654320986,63.419828777189885,69.45319833921222,,,53.913985376249265,56.90259299676661
2012-10-01,64.01407407407407,42.408796296296295,,53.21143518518518,43.52385185185185,44.4748005050505,62.17357363315696,68.05052344209288,,,52.848712742504404,56.26266197357169
2012-11-01,63.096790123456785,42.19148148148148,,52.64413580246914,42.823759259259255,43.8792561728395,62.52319811875367,65.78232179600235,,,52.673478689006465,54.83078898442093
2012-12-01,62.810246913580244,41.81787037037037,,52.31405864197531,42.139382716049376,43.27376234567901,63.30703703703703,63.363432907113456,,,52.7232098765432,53.31859762639624
2013-01-01,60.99691358024691,39.89925925925926,,50.44808641975308,41.302870370370364,42.41336111111111,62.301316872427975,62.23744525279247,,,51.80209362139917,52.32540318195179
2013-02-01,64.54144444444444,39.81324786324786,,52.177346153846145,40.51012583095916,41.66694254510921,62.782868312757195,62.653033215755435,,,51.64649707185817,52.15998788043232
2013-03-01,70.861,40.23546296296296,,55.54823148148148,39.98265669515669,41.06101970560304,65.46645267489711,64.38674485596708,,,52.7245546850269,52.723882280785055
2013-04-01,74.89,43.54070707070707,,59.215353535353536,41.19647263230596,41.24967150133816,70.09748148148147,66.19939917695473,,,55.64697705689372,53.72453533914645
2013-05-01,74.7608888888889,41.762735042735045,,58.26181196581197,41.84630169213503,41.17821376154709,73.50396296296297,68.14341563786009,,,57.675132327548994,54.66081469970359
2013-06-01,71.25,42.154722222222226,,56.70236111111112,42.48605477855478,41.23435573685574,73.63362962962964,69.55004115226338,,,58.059842204092206,55.39219844455955
2013-07-01,67.43477777777778,40.904074074074074,,54.16942592592593,41.607177113010444,41.4018248726582,71.14855555555556,70.62301851851852,,,56.377866334283006,56.012421695588365
2013-08-01,68.44098765432098,39.878055555555555,,54.15952160493826,40.97895061728395,41.41262615470949,69.04192181069958,71.27294238683128,,,55.01043621399177,56.34278427077038
2013-09-01,73.00488888888889,39.48583333333333,,56.24536111111111,40.08932098765431,41.28768788310455,69.62688477366254,71.63025720164609,,,54.858102880658436,56.45897254237533
2013-10-01,75.42788888888889,41.73083333333334,,58.57936111111111,40.36490740740741,40.986042260208926,72.29125514403292,71.71990534979425,,,56.32808127572016,56.35297380500159
2013-11-01,73.42833333333333,41.72037037037037,,57.574351851851844,40.97901234567901,40.97898148148148,73.9537037037037,71.49781275720164,,,57.46635802469135,56.23839711934156
2013-12-01,72.84802469135803,41.13175925925926,,56.98989197530865,41.52765432098766,40.80848765432099,73.90141563786007,71.76415020576131,,,57.71453497942387,56.286318930041155
2014-01-01,74.2538888888889,41.522393162393165,,57.88814102564103,41.458174264007596,40.911540835707505,73.51008230452675,72.90066872427984,,,57.48412828426717,56.90610477999366
2014-02-01,75.97311111111111,40.264529914529916,,58.11882051282051,40.97289411206078,40.9759532288699,74.358341563786,74.15602263374485,,,57.6656178379234,57.56598793130738
2014-03-01,78.64377777777779,37.25976851851852,,57.95177314814815,39.682230531813865,40.60494242640076,76.29025925925926,75.09583744855968,,,57.986244895536565,57.85038993748021
2014-04-01,81.26911111111112,40.62777777777777,,60.94844444444445,39.38402540360873,40.421099833808164,78.62866666666666,76.06937448559671,,,59.0063460351377,58.24523715970244
2014-05-01,80.77266666666667,41.611282051282046,,61.191974358974356,39.83294278252611,40.402918447293445,80.22851851851851,77.29343004115226,,,60.030730650522315,58.848174244222854
2014-06-01,76.18122222222222,43.67740740740741,,59.929314814814816,41.97215574548907,40.827193138651474,79.40766666666666,77.84896296296296,,,60.68991120607787,59.33807805080721
2014-07-01,68.61985555555556,42.57047222222222,,55.59516388888889,42.6197205603039,41.00187298195632,75.19124814814813,76.90995740740742,,,58.90548435422602,58.955915194681864
2014-08-01,67.65948611111111,41.56587962962963,,54.612682870370364,42.60458641975308,41.2187646011396,70.82018796296296,75.52435324074075,,,56.712387191358026,58.37155892094017
2014-09-01,69.24488888888888,38.00119658119658,,53.62304273504273,40.71251614434947,41.34233594491928,68.50807685185184,73.95787175925925,,,54.61029649810066,57.65010385208927
2014-10-01,68.4281,37.637685185185184,,53.03289259259259,39.06825379867046,40.84398717948718,68.44415833333333,71.81770324074074,,,53.75620606600189,56.33084521011396
2014-11-01,68.47502469135802,37.33623232323232,,52.90562850729517,37.6583713632047,40.13147889147889,68.71600452674896,69.76809624485595,,,53.187187944976834,54.94978756816743
2014-12-01,66.49111111111111,34.916700854700856,,50.70390598290598,36.63020612103946,38.671361132694464,67.79807860082303,68.15307772633744,,,52.21414236093125,53.41221942951595
2015-01-01,72.53238095238096,37.31269005847953,,54.92253550543025,36.52187441213757,37.795064105404016,69.16617225161669,68.80516529247501,,,52.84402333187713,53.30011469893952
2015-02-01,75.11094017094017,39.035694444444445,,57.07331730769231,37.088361785874945,37.37336657453982,71.37814407814408,70.04707430244652,,,54.2332529320095,53.710220438493174
2015-03-01,78.9645299145299,37.28660130718954,,58.125565610859724,37.87832860337117,37.25426736220532,75.53595034595034,71.6670144733867,,,56.70713947466076,54.460640917796006
2015-04-01,81.9748717948718,41.160833333333336,,61.567852564102566,39.16104302832244,37.84145872023,78.68344729344729,73.92480977253199,,,58.92224516088487,55.883134246381
2015-05-01,86.49965811965811,41.39535947712418,,63.94750879839114,39.947598039215684,38.517979912545314,82.4796866096866,76.92891534391534,,,61.21364232445114,57.72344762823033
2015-06-01,83.70871794871795,40.49703703703704,,62.1028774928775,41.01774328249818,39.44803594293468,84.06108262108262,79.79851648351648,,,62.5394129517904,59.62327621322558
2015-07-01,75.3884017094017,41.240240740740745,,58.314321225071225,41.04421241830065,40.10262772331155,81.86559259259258,80.27451994301994,,,61.45490250544662,60.18857383316574
2015-08-01,70.89611111111111,41.553703703703704,,56.22490740740741,41.096993827160496,40.5222959331881,76.66441025641025,79.57204843304844,,,58.880702041785376,60.047172183118256
2015-09-01,71.53101851851852,39.428024691358026,,55.47952160493827,40.740656378600825,40.8791998305495,72.60517711301044,78.33312986704654,,,56.67291674580563,59.60616484879802
2015-10-01,74.03694444444444,38.62783950617284,,56.33239197530864,39.86985596707819,40.45703419268943,72.15469135802469,77.01014197530864,,,56.01227366255144,58.733588083999024
2015-11-01,75.86636363636363,38.56718954248366,,57.216776589423645,38.8743512466715,39.985672536916006,73.81144219977553,75.23792622809289,,,56.34289672322351,57.611799382504444
2015-12-01,74.5374074074074,38.503274853801166,,56.52034113060428,38.56610130081922,39.65337883971002,74.81357182940515,73.70937447120781,,,56.68983656511219,56.681376655458905
2016-01-01,74.11083333333333,38.7279012345679,,56.41936728395062,38.59945521028424,39.234655588681214,74.83820145903478,73.49644640852974,,,56.71882833465951,56.36555099860548
2016-02-01,71.49264957264958,37.86382716049383,,54.678238366571705,38.3650010829543,38.61967616481291,73.3802967711301,73.59586948545281,,,55.8726489270422,56.107772825132855
2016-03-01,74.65982905982906,37.60754385964912,,56.133686459739096,38.06642408490361,38.31626269286142,73.42110398860399,74.11733790900458,,,55.74376403675381,56.216800300932995
2016-04-01,69.19166666666666,28.675396825396827,,48.93353174603175,34.71558928184659,36.65752224606542,71.78138176638176,73.30979161270828,,,53.24848552411418,54.983656929386854
2016-05-01,74.4042735042735,39.42345679012346,,56.91386514719848,35.235465825056465,36.80023345400539,72.75192307692308,73.06610992402659,,,53.99369445098977,54.933171689015985
2016-06-01,71.77239316239317,39.17356725146199,,55.47298020692758,35.757473622327424,36.91194885361552,71.78944444444444,72.60527421652422,,,53.77345903338593,54.75861153506987
2016-07-01,72.48655555555555,40.00319753086419,,56.24487654320987,39.53340719081655,37.12449823633157,72.88774074074074,72.33456125356126,,,56.21057396577864,54.72952974494641
2016-08-01,70.69276068376068,39.63066081871345,,55.16171075123707,39.60247520034654,37.418970512701506,71.65056980056981,72.20124643874644,,,55.62652250045817,54.81010847572398
2016-09-01,71.13290598290598,38.66175438596491,,54.89733018443545,39.43187091184751,37.59467226708747,71.4374074074074,71.61342592592592,,,55.43463915962746,54.60404909650669
2016-10-01,72.38692307692307,41.25055555555556,,56.818739316239316,39.84765692007797,39.69053205544726,71.40419658119657,72.14596866096866,,,55.62592675063727,55.918250358207956
2016-11-01,75.26547008547008,41.02660818713451,,58.14603913630229,40.31297270955165,39.9577239549491,72.92843304843304,72.28950142450141,,,56.62070287899235,56.12361268972526
2016-12-01,75.78982905982906,41.44707602339181,,58.61845254161044,41.24141325536062,40.33664208360407,74.48074074074073,72.95907407407407,,,57.861076998050684,56.64785807883908
2017-01-01,79.4925641025641,44.36351851851852,,61.92804131054131,42.279067576348275,41.063362248213124,76.84928774928774,74.12674216524216,,,59.56417766281802,57.595052206727644
2017-02-01,84.56264957264958,48.095882352941175,,66.32926596279538,44.63549229828383,42.47423250391775,79.94834757834757,76.43839031339031,,,62.29191993831571,59.456311408654024
2017-03-01,91.19333333333333,52.472098765432094,,71.83271604938271,48.310499878963924,44.775956567162275,85.082849002849,79.78179487179487,,,66.69667444090646,62.27887571947858
2017-04-01,100.29974358974358,56.34625,,78.32299679487178,52.30474370612442,47.29190564123635,92.01857549857549,84.43393162393163,,,72.16165960234996,65.86291863258398
2017-05-01,98.95581196581196,58.78397660818714,,78.86989428699955,55.8674417912064,50.25146704474512,96.81629629629629,88.38232193732193,,,76.34186904375134,69.31689449103352
2017-06-01,92.05589743589744,59.55438596491228,,75.80514170040486,58.228204191033136,53.26935203499854,97.10381766381767,91.09333333333332,,,77.6660109274254,72.18134268416593
2017-07-01,89.77102564102564,54.711172839506176,,72.24109924026591,57.68317847086852,54.993961088496484,93.594245014245,92.80641025641025,,,75.63871174255678,73.90018567245336
2017-08-01,89.60157407407407,50.16801169590643,,69.88479288499025,54.811190166774956,55.33931597899069,90.47616571699905,93.64623100664767,,,72.643677941887,74.49277349281918
2017-09-01,86.38952380952381,49.232573099415205,,67.8110484544695,51.37058587827593,54.79939503465454,88.58737450820784,92.84559608601275,,,69.97898019324188,73.82249556033365
2017-10-01,89.05442735042735,46.865092592592596,,67.95975997150997,48.755225795971405,53.21920213341997,88.34850841134174,90.97137671279337,,,68.55186710365656,72.09528942310668
2017-11-01,89.52094017094018,45.59549707602339,,67.55821862348179,47.231054256010395,51.02112221139268,88.32163044363044,89.39889808031474,,,67.77634234982042,70.21001014585372
2017-12-01,86.28649572649573,43.47937037037037,,64.88293304843305,45.31332001299544,48.34195294563569,88.28728774928776,88.4373311287478,,,66.8003038811416,68.38964203719173
2018-01-01,85.5536507936508,45.263765432098765,,65.40870811287479,44.77954429283084,46.767385044401124,87.12036223036223,87.734435320852,,,65.94995326159653,67.25091018262655
2018-02-01,80.39031746031745,44.28978362573099,,62.34005054302422,44.3443064760667,45.78768036603855,84.07682132682133,86.19922588522589,,,64.21056390144402,65.99345312563223
2018-03-01,83.54069444444444,44.41527777777778,,63.97798611111111,44.65627561186918,44.98479781243231,83.16155423280422,85.72442099104599,,,63.90891492233671,65.35460940173915
2018-04-01,81.61164102564103,42.82975308641975,,62.22069705603039,43.84493816330951,44.31224122807018,81.84755097680097,84.4839566035816,,,62.84624457005524,64.39809891582588
2018-05-01,76.66952380952382,40.92092592592593,,58.795224867724876,42.72198559670782,43.53314603638726,80.60728642653642,82.34205387667889,,,61.66463601162212,62.93759995653307
2018-06-01,71.57325396825397,39.93098765432099,,55.752120811287476,41.22722222222222,42.94174891704571,76.6181396011396,79.88984691697192,,,58.922680911680914,61.41579791700881
2018-07-01,67.55579365079366,37.86017543859649,,52.70798454469508,39.570696339614464,41.70781725146199,71.93285714285715,76.89020405982906,,,55.75177674123581,59.299010655645525
2018-08-01,66.5936746031746,34.258830409356726,,50.42625250626567,37.3499978340914,40.03599171539961,68.57424074074073,74.59076358363859,,,52.96211928741608,57.31337764951909
2018-09-01,66.7415873015873,33.71485380116959,,50.22822055137844,35.277953216374264,38.25258771929825,66.96368518518518,71.7909123931624,,,51.12081920077973,55.021750056230324
2018-10-01,67.0663888888889,34.36030864197531,,50.7133487654321,34.11133095083387,36.84101364522417,66.80055026455027,69.3667037037037,,,50.45594060769207,53.103858674463936
2018-11-01,67.44190476190477,33.51736842105263,,50.479636591478695,33.86417695473251,35.607087394411955,67.08329365079364,67.8287671957672,,,50.47373530276308,51.717927295089574
2018-12-01,71.3227037037037,34.325836257309945,120.0,75.21617998700454,34.06783777344596,34.672895494910115,68.61033245149912,67.78700881834216,120.0,120.0,58.80305511463845,54.96193715770909
2019-01-01,72.58837037037037,36.35049382716049,120.0,76.31295473251028,34.731232835174346,34.421281893004114,70.45099294532628,68.62577160493828,120.0,120.0,67.3362571036645,58.89609885567828
2019-02-01,72.17636752136751,36.12547712418301,,54.15092232277526,35.600602402884476,34.732389678808495,72.02914719848052,69.55622042463709,120.0,120.0,68.56001901409668,59.516877158429885
2019-03-01,72.53888888888888,36.59413580246914,,54.56651234567901,36.356702251270875,35.212270012358424,72.43454226020891,70.52243735585402,120.0,120.0,61.67679646698818,60.23992579081332
2019-04-01,79.91575396825397,41.6136783625731,,60.76471616541353,38.11109709640841,36.421164965791384,74.87700345950344,72.66399820241486,,120.0,56.49405027795593,61.91515369081022
2019-05-01,87.06166666666665,46.84401234567901,,66.95283950617284,41.683942170240414,38.64227228656245,79.83876984126982,75.93395851987518,,120.0,60.761356005755125,64.6606875099259
2019-06-01,88.57457264957264,46.34533950617284,,67.45995607787275,44.93434340480832,40.645522828039596,85.18399776149775,78.80927001085334,,120.0,65.05917058315303,63.367983525070606
2019-07-01,94.72650793650793,49.21152046783626,,71.96901420217209,47.46695743989603,42.78902726815223,90.12091575091574,82.49895960520959,,,68.7939365954059,62.643993436680915
2019-08-01,95.65818181818182,49.87362745098039,,72.7659046345811,48.47682914166316,45.080385655951794,92.98642080142078,86.41259532134531,,,70.73162497154198,65.74649048864855
2019-09-01,91.214,46.925432098765434,,69.06971604938272,48.67019333919402,46.80226837200117,93.8662299182299,89.52511383986383,,,71.26821162871197,68.1636911059325
2019-10-01,94.67160493827161,44.775864197530865,,69.72373456790123,47.19164124909222,47.32929934449413,93.8479289188178,91.98442233486678,,,70.51978508395501,69.65686083968045
2019-11-01,93.4920634920635,47.599111111111114,,70.5455873015873,46.43346913580246,47.455149138732814,93.12588947677837,93.05615513909959,,,69.77967930629042,70.2556521389162
2019-12-01,95.44126984126983,46.76844444444444,,71.10485714285713,46.381139917695464,47.52566662844475,94.53497942386831,94.20060467104912,,,70.45805967078188,70.86313564974694
2020-01-01,91.95729166666666,43.46039682539682,,67.70884424603175,45.942650793650785,46.567146021371514,93.63020833333331,93.73906862607556,,,69.78642956349206,70.15310732372355
2020-02-01,95.81944444444444,43.70845238095238,,69.76394841269841,44.645764550264545,45.539616843033514,94.40600198412697,93.76594573045266,,,69.52588326719575,69.65278128674309
2020-03-01,98.49583333333334,39.55556349206349,,69.02569841269842,42.24147089947089,44.31130540858319,95.42418981481482,94.97958461934157,,,68.83283035714285,69.64544501396237
2020-04-01,99.384,53.650999999999996,,76.5175,45.63833862433862,45.79049470899471,97.89975925925926,95.76498379629629,,,71.76904894179893,70.7777392526455
2020-05-01,105.125,55.513,,80.319,49.57318783068782,47.10947619047619,101.0016111111111,97.70380654761904,,,75.28739947089947,72.40664136904762
2020-06-01,110.3,52.33,,81.315,53.831333333333326,48.036402116402115,104.93633333333332,100.18026157407407,,,79.38383333333333,74.1083318452381
2020-07-01,107.65,49.66416666666667,,78.65708333333333,52.50238888888888,49.07036375661375,107.69166666666666,102.79571296296297,,,80.09702777777777,75.93303835978836
2020-08-01,106.6,49.59166666666667,104.0,86.73055555555555,50.528611111111104,50.05089947089947,108.18333333333332,104.59247222222223,104.0,104.0,82.23421296296296,78.76080621693121
2020-09-01,101.625,48.23083333333333,,74.92791666666666,49.16222222222222,51.49677777777777,105.29166666666667,105.11399999999999,104.0,104.0,80.10518518518518,79.74450925925926
2020-10-01,101.725,47.6975,,74.71124999999999,48.50666666666666,50.50452777777778,103.31666666666666,105.50416666666668,104.0,104.0,78.7899074074074,79.44346759259258
2020-11-01,103.725,46.51083333333333,,75.11791666666666,47.479722222222215,49.00416666666666,102.3583333333333,105.27083333333333,,104.0,74.91902777777777,78.57662037037038
2020-12-01,104.075,47.874545454545455,,75.97477272727272,47.36095959595959,48.261590909090906,103.175,104.23333333333333,,104.0,75.26797979797978,77.68658249158248
2021-01-01,87.45995642701524,37.5,97.24227272727272,74.06740971809599,43.961792929292926,46.23422979797979,98.41998547567175,100.8683260711692,97.24227272727272,100.62113636363637,75.05336637067845,76.92163688904293
2021-02-01,97.44059829059829,40.059222222222225,104.96666666666667,80.8221623931624,41.81125589225589,44.645489057239054,96.32518490587115,99.34175911960226,101.10446969696969,101.10446969696969,76.9547816128437,75.93690469531073
2021-03-01,94.83742616033756,42.325730994152046,102.15861111111111,79.77392275520025,39.96165107212476,43.661305334042176,93.2459936259837,98.21049681299183,101.45585016835018,101.45585016835018,78.2211649554862,76.744572376733
2021-04-01,96.85443037974683,40.78863049095607,104.41463414634147,80.68589833901478,41.05786123577678,42.509827082534855,96.37748494356089,97.3987352096163,103.84663730803975,102.19554616284799,80.42732782912582,77.74034709990214
2021-05-01,98.83346405228758,39.48701587301587,102.73214285714286,80.35087426081544,40.86712578604133,41.33919083914861,96.84177353079065,96.58347921833092,103.10179603819849,102.30286550170698,80.27023178501015,78.61250669892694
2021-06-01,96.74626126126127,40.029241192411924,103.72763157894737,80.16771134420685,40.101629185461285,40.03164012879302,97.47805189776523,95.36202276187446,103.62480286081056,102.54032651458037,80.40149464801236,79.3113298017493
2021-07-01,98.15529680365297,43.845467836257306,106.04529411764706,82.68201958585244,41.12057496722836,41.089218101502574,97.91167403906728,97.14457949131408,104.16835618457908,104.00749674630941,81.06686839695824,80.74709811304203
2021-08-01,104.06385620915033,47.8445945945946,103.0375,84.9819836012483,43.90643454108794,42.38678016356464,99.65513809135486,98.24845581107276,104.27014189886482,103.68596896853164,82.61057151043586,81.44040164772302
2021-09-01,99.67885844748858,44.947539682539684,103.88,82.83546604334275,45.54586737113053,42.82374827829591,100.63267048676396,99.05536119226458,104.32093137254901,103.97286711667978,83.4998230768145,81.95065886241343
2021-10-01,96.73219001610306,43.96924924924925,101.14933333333333,80.61692419956188,45.587127842127835,43.3538514046781,100.15830155758066,99.03498779832397,102.68894444444443,103.42865031451178,82.81145794805097,81.93916317250462
2021-11-01,97.5101598173516,43.00666666666667,107.08946451612903,82.53543033338244,43.9744851994852,43.94045987028657,97.97373609364774,98.8144370925013,104.03959928315412,104.15487059100946,81.99594019209569,82.30325585126577
2021-12-01,98.34242894056847,44.42459770114942,108.21851851851852,83.66184838674548,43.80017120568845,44.673019288409485,97.52825959134104,99.0804650390525,105.4857721226603,104.90335174760465,82.27140097322992,82.88561202502221
2022-01-01,95.48189814814815,45.1015873015873,109.63346153846153,83.40564899606566,44.17761722313446,44.88237253263116,97.11149563535606,98.63489859646836,108.31381485770304,105.50137965107375,83.20097590539785,83.00621692672442
2022-02-01,95.36193380614658,41.24821428571429,117.65680833333333,84.7556521417314,43.59146642948367,43.78297581448444,96.39542029828772,97.18457819596773,111.83626279677112,107.93793103996262,83.94104984151419,82.96849501680494
2022-03-01,88.43844086021505,35.156333333333336,123.86500000000001,82.48659139784947,40.502044973544976,42.15110808961671,93.09409093816993,95.31117526475549,117.05175662393162,111.26876437329595,83.54929751188217,82.91034924255605
2022-04-01,94.00694444444444,40.625914529914525,127.87142857142858,87.50142918192917,39.01015404965404,41.593885636394255,92.602439703602,94.85696766947905,123.13107896825397,115.72244691297851,84.91455757383667,84.05776673961726
2022-05-01,106.22361403508772,47.54166666666667,137.96017777777777,97.24181949317739,41.107971509971506,42.34971896972759,96.22299977991572,96.30921003910174,129.8988687830688,120.86756578991996,89.076613357652,86.5088315995831
2022-06-01,111.88451178451179,60.51212121212121,136.1688888888889,102.85517396184063,49.55990080290079,45.03097288822289,104.03835675468132,98.56622384642561,134.00016507936508,125.52596085164835,95.86614087898239,89.70771919543229
2022-07-01,114.8647509578544,69.19907407407408,143.15111111111113,109.0716453810132,59.08428731762064,49.04722068363734,110.99095892581795,101.79669931471,139.0933925925926,131.11223578042328,103.05621294534374,93.9853852595902
2022-08-01,117.09402962962963,65.26629292929293,145.44073333333333,109.26701863075198,64.99249607182941,53.05023379090046,114.61443079066527,105.4187152852905,141.5869111111111,135.74288994708994,107.06461265786861,98.0706130077603
2022-09-01,120.4370707070707,66.00638888888889,152.339575,112.92767819865321,66.82391863075196,58.19190971682638,117.46528376485156,110.75182025976646,146.97713981481482,140.48865244708995,110.42211407013946,103.14412747456093
2022-10-01,138.00354838709677,65.10442222222223,163.19522857142857,122.10106639358253,65.45903468013468,62.27166099887767,125.1782162412657,118.08458758354185,153.65851230158728,146.37595244708993,114.76525440766257,108.91073367650314
2022-11-01,145.8537037037037,65.72,159.93,123.83456790123456,65.61027037037037,65.3013832210999,134.76477426595704,124.68960252831117,158.48826785714286,150.03758948412698,119.62110416449009,113.34285841117935
2022-12-01,146.98444444444445,60.60952380952381,180.5,129.36465608465608,63.81131534391534,65.31761698733366,143.61389884508165,130.53959130496662,167.8750761904762,157.42610800264552,125.10009679315772,117.76110543164857
2023-01-01,141.06972222222223,62.837037037037035,144.7838888888889,116.23021604938272,63.05552028218693,64.25727748116081,144.63595679012346,134.90708651569457,161.73796296296294,157.69823763227512,123.14314667842444,118.95420054304351
2023-02-01,138.82049572649572,66.1877566137566,147.56903157894737,117.5257613063999,63.21143915343914,64.41085476190476,142.2915541310541,138.5281641985056,157.61764015594542,158.05295400654413,121.0402111468129,120.3306576556515
2023-03-01,151.02185185185184,67.75796296296296,143.57133333333334,120.7837160493827,65.59425220458553,64.70278377425045,143.63735660018992,143.62562772263578,145.3080846003899,156.59158039543303,118.17989780172176,121.63999729743976
2023-04-01,162.24602564102562,69.76510416666667,149.8066727272727,127.27260084498835,67.90360791446209,65.47956409832452,150.6961244064577,147.6660405982906,146.98234587985112,154.36015442140706,121.86069273359031,122.5019197060074
2023-05-01,166.1348888888889,76.33180952380953,151.99803529411764,131.48824456893868,71.2849588844797,67.24819901895944,159.80092212725546,151.0462381291548,148.45868045157457,153.03816030376,126.51485382110324,123.77753248395807
2023-06-01,173.60625,73.65809523809523,137.72666666666666,128.3303373015873,73.25166964285714,69.42296092372135,167.32905484330482,155.4832057217474,146.51045822935234,145.90927141487109,129.03039423850475,123.60514602011328
2023-07-01,173.16325925925923,77.23850241545894,149.83736842105262,133.41304336525693,75.74280239245455,71.82320515345832,170.96813271604935,160.83212856125354,146.52069012727898,146.75151800356505,131.07720841192761,126.46895057275897
2023-08-01,187.1936363636364,78.03083333333333,138.30923076923077,134.5112334887335,76.30914366229582,73.79705127338778,177.98771520763185,168.89431866744366,141.95775528565002,145.20821786861228,132.08487138519254,129.29986260314791
2023-09-01,175.78153846153845,73.09343434343435,153.14538461538461,134.0067858067858,76.12092336407552,74.68629650346634,178.712811361478,173.0209331023914,147.09732793522267,146.8038930822875,133.9770208869254,131.5037075627151
2023-10-01,174.85282828282828,69.75568686868688,145.73333333333332,130.11394949494948,73.62665151515152,74.68472695380304,179.27600103600102,175.1220668760252,145.72931623931623,146.1250031832976,132.87732293015623,131.97726567104195
2023-11-01,195.88636363636363,71.85272727272728,157.145,141.6280303030303,71.56728282828283,73.93821324528933,182.17357679357679,180.08064600060433,152.00790598290598,146.982830634278,135.24958853492186,133.6672299600572
2023-12-01,178.7877142857143,89.71588996763755,147.88448545454546,138.79602990263243,77.1081013696839,76.61451236687971,183.17563540163542,180.94422338155672,150.25427292929294,148.6758004322578,136.8460032335374,135.41151206023142
2024-01-01,173.3522222222222,65.83131623931624,160.6975,133.29367948717947,75.79997782656035,74.71331467085594,182.67543338143335,180.9757172087172,155.24232848484849,150.48582236208236,137.9059132309474,135.39161808055184
2024-02-01,165.99499999999998,54.99818181818182,164.5088888888889,128.50069023569023,70.18179600837853,70.87453941833068,172.71164550264544,177.44261114811115,157.69695811447812,154.85243204869207,133.5301332085007,134.3898608717113
2024-03-01,167.01129496402876,82.31797979797979,149.74982147651005,133.0263654128395,67.71582595182593,72.41196366075492,168.78617239541697,175.98090389852618,158.3187367884663,154.28650485887962,131.60691171190305,134.22645747272023
2024-04-01,158.7703086419753,51.83235294117647,157.732,122.77822052771724,63.04950485244601,69.4247413395032,163.92553453533466,173.30048395838404,157.33023678846632,156.2862826366574,128.10175872541564,133.0038359781815
2024-05-01,150.0031746031746,53.29844444444445,152.1457142857143,118.48244444444445,62.48292572786689,66.33236086812272,158.59492606972623,165.65328578618585,153.2091785874081,155.4530683509431,124.76234346166706,129.1462383350839
2024-06-01,153.9630666666667,77.9938791423002,140.33725190839695,124.09806590578796,61.04155884264037,64.37869239723317,154.2455166372722,161.5158445163446,150.07165539803708,154.1951960932517,121.7862436259832,126.69657766894314
2024-07-01,134.4194117647059,53.435634920634925,128.34916666666666,105.40140445066918,61.57598616912653,62.31274551078627,146.12855101151573,155.02704277342522,140.27737762025927,148.8038072043628,115.99397160030053,122.0478651628581
2024-08-01,140.58916666666667,53.67059829059829,134.93166666666667,109.73047720797722,61.7000374511778,62.09148158952235,142.99054836601306,150.79273721786964,134.53936174724345,143.87427016732576,113.07664918814477,118.91949632490594
2024-09-01,147.24511627906975,77.22601851851852,138.93209790209792,121.1344108998954,61.44408390991723,61.24282137627881,140.7512315701474,147.49837410370984,134.07097707847709,142.07131623825708,112.08876418618058,116.93750390608191
2024-10-01,138.14363636363635,54.9125,122.92636363636365,105.32749999999999,61.9363722697056,61.75617921941606,141.9926397697909,144.06059539065333,132.2633760683761,136.27037684431767,112.06412936929085,114.02905048479572
2024-11-01,141.326,55.37,135.60454545454547,110.7668484848485,62.502839506172826,62.10143847867531,142.23825088090203,142.61439962345756,132.48766899766903,133.51351537245623,112.40958646158128,112.74311782486303
2024-12-01,133.09857142857143,53.83153846153846,133.1448717948718,106.69166056166057,54.704679487179476,58.07438169854836,137.52273593073593,139.1369837504417,130.55859362859363,132.31478535353537,107.59533634883634,109.84205026750847
2025-01-01,128.2881818181818,52.14,119.36333333333333,99.93050505050506,53.78051282051282,57.858442545109206,134.2375844155844,138.11511209268767,129.37091686091688,130.81714646464647,105.79633803233804,108.93023370081444
2025-02-01,137.9764,53.70468888888889,138.68692307692305,110.12267065527065,53.22540911680911,57.864124311490976,133.12105108225106,137.67965098157654,130.39837606837605,131.4430225330225,105.58161208914542,108.99559927536336
2025-03-01,144.90574999999998,75.97976744186047,130.43782608695653,117.10778117627233,60.60815211024978,57.65641579871464,137.05677727272726,137.2897566017316,129.49602749907098,130.02731056383232,109.053652294016,108.32449432142617
2025-04-01,137.83249999999998,56.5,138.4375,110.92333333333333,62.061485443583116,57.92099913204797,140.23821666666666,137.23790054112553,135.85408305462653,132.6124999577717,112.71792838829208,109.25713321031508
2025-05-01,133.60384615384615,61.49090909090909,146.16500000000002,113.75325174825177,64.65689217758985,58.94115064719949,138.7806987179487,135.95087490009988,138.34677536231885,134.37257571534747,113.92812208595247,109.75486708754896
2025-06-01,145.42464285714286,76.58500000000001,131.88733333333332,117.96565873015872,64.85863636363636,62.73339423694309,138.953663003663,138.00522013819514,138.82994444444444,134.1629859717577,114.21408127058127,111.63386678229865
2025-07-01,130.01636363636365,64.479375,138.428,110.97457954545455,67.51842803030303,64.78995673694307,136.34828421578422,138.2932504412254,138.82677777777778,137.34043041620217,114.23116334128834,113.47454586479023
2025-08-01,104.82636363636362,70.15181818181817,110.36272727272727,95.11363636363636,70.40539772727271,67.53114495243129,126.75579004329005,132.76824438061936,126.89268686868685,132.61973111550284,108.01795821308319,110.97304014951784
2025-09-01,137.1275,75.715625,126.9278125,113.25697916666667,70.11560606060605,67.48712121212121,123.99007575757575,131.47186938061938,125.23951325757575,132.0347288510101,106.44839835858585,110.33123981458357
2025-10-01,119.13314814814815,57.99444444444444,117.16400000000002,98.0971975308642,67.95396254208752,67.7361952861953,120.36233726150391,128.35531073864408,118.15151325757576,128.48914551767677,102.15593768705573,108.19355051417205
2025-11-01,123.60909090909091,58.49803418803419,118.93909090909091,100.34873866873868,64.06936787749287,67.23738280238281,126.623246352413,126.68951819785151,121.01030113636364,123.95149400252525,103.90097178875651,105.95946500091986
2025-12-01,129.776875,71.90595238095239,120.338,107.34027579365079,62.79947700447699,66.45754153254154,124.17303801907967,124.08155688832773,118.81369696969698,122.02660511363636,101.92873733108455,104.18856784483519
2026-01-01,109.19088888888889,55.9225,121.455,95.52279629629629,62.10882885632884,65.0313956992082,120.85895159932659,120.61064443041526,120.2440303030303,119.19777178030303,101.07060358622857,101.61327063664216
2026-02-01,119.51177777777778,59.885000000000005,119.00999999999999,99.46892592592593,62.57115079365079,63.320259335571826,119.49318055555555,123.0582134539843,120.26766666666667,120.63898390151515,100.77733267195765,102.3391522303571
2026-03-01,129.45923076923077,55.5523076923077,129.48833333333332,104.83329059829059,57.11993589743589,59.95970645095645,119.38729914529915,121.78016858218943,123.31777777777775,121.06573737373738,99.94167094017092,100.93520413562776
2026-04-01,122.5,58.333749999999995,113.05666666666667,97.96347222222222,57.92368589743589,60.01625737688237,123.82366951566951,122.34131055749806,120.51833333333332,120.38118181818182,100.75522958214624,100.91291658418743
